kind	lang	word	input	fresh	ruContext	enContext
valid	ru	а	а	unsure	unsure	unsure
wrong	ru	а	f	unsure	ru	unsure
valid	ru	ага	ага	unsure	unsure	unsure
wrong	ru	ага	fuf	ru	ru	ru
valid	ru	аж	аж	unsure	unsure	unsure
wrong	ru	аж	f;	ru	ru	ru
valid	ru	ай	ай	unsure	unsure	unsure
wrong	ru	ай	fq	ru	ru	ru
valid	ru	алло	алло	unsure	unsure	unsure
wrong	ru	алло	fkkj	ru	ru	ru
valid	ru	ам	ам	unsure	unsure	unsure
wrong	ru	ам	fv	unsure	unsure	unsure
valid	ru	ау	ау	unsure	unsure	unsure
wrong	ru	ау	fe	unsure	unsure	unsure
valid	ru	ах	ах	unsure	unsure	unsure
wrong	ru	ах	f[	ru	ru	ru
valid	ru	б	б	unsure	unsure	unsure
wrong	ru	б	,	unsure	unsure	unsure
valid	ru	баг	баг	unsure	unsure	unsure
wrong	ru	баг	,fu	unsure	unsure	unsure
valid	ru	баги	баги	unsure	unsure	unsure
wrong	ru	баги	,fub	ru	ru	ru
valid	ru	без	без	unsure	unsure	unsure
wrong	ru	без	,tp	ru	ru	ru
valid	ru	безо	безо	unsure	unsure	unsure
wrong	ru	безо	,tpj	ru	ru	ru
valid	ru	блин	блин	unsure	unsure	unsure
wrong	ru	блин	,kby	ru	ru	ru
valid	ru	бог	бог	unsure	unsure	unsure
wrong	ru	бог	,ju	ru	ru	ru
valid	ru	боже	боже	unsure	unsure	unsure
wrong	ru	боже	,j;t	ru	ru	ru
valid	ru	больше	больше	unsure	unsure	unsure
wrong	ru	больше	,jkmit	ru	ru	ru
valid	ru	брат	брат	unsure	unsure	unsure
wrong	ru	брат	,hfn	ru	ru	ru
valid	ru	будем	будем	unsure	unsure	unsure
wrong	ru	будем	,eltv	ru	ru	ru
valid	ru	будет	будет	unsure	unsure	unsure
wrong	ru	будет	,eltn	ru	ru	ru
valid	ru	будешь	будешь	unsure	unsure	unsure
wrong	ru	будешь	,eltim	ru	ru	ru
valid	ru	будто	будто	unsure	unsure	unsure
wrong	ru	будто	,elnj	ru	ru	ru
valid	ru	буду	буду	unsure	unsure	unsure
wrong	ru	буду	,ele	unsure	unsure	unsure
valid	ru	будут	будут	unsure	unsure	unsure
wrong	ru	будут	,elen	unsure	unsure	unsure
valid	ru	бы	бы	unsure	unsure	unsure
wrong	ru	бы	,s	ru	ru	ru
valid	ru	был	был	unsure	unsure	unsure
wrong	ru	был	,sk	ru	ru	ru
valid	ru	была	была	unsure	unsure	unsure
wrong	ru	была	,skf	ru	ru	ru
valid	ru	были	были	unsure	unsure	unsure
wrong	ru	были	,skb	ru	ru	ru
valid	ru	было	было	unsure	unsure	unsure
wrong	ru	было	,skj	ru	ru	ru
valid	ru	быть	быть	unsure	unsure	unsure
wrong	ru	быть	,snm	ru	ru	ru
valid	ru	в	в	unsure	unsure	unsure
wrong	ru	в	d	unsure	ru	unsure
valid	ru	вам	вам	unsure	unsure	unsure
wrong	ru	вам	dfv	ru	ru	ru
valid	ru	вами	вами	unsure	unsure	unsure
wrong	ru	вами	dfvb	ru	ru	ru
valid	ru	вас	вас	unsure	unsure	unsure
wrong	ru	вас	dfc	ru	ru	ru
valid	ru	ваш	ваш	unsure	unsure	unsure
wrong	ru	ваш	dfi	ru	ru	ru
valid	ru	ваша	ваша	unsure	unsure	unsure
wrong	ru	ваша	dfif	ru	ru	ru
valid	ru	ваше	ваше	unsure	unsure	unsure
wrong	ru	ваше	dfit	ru	ru	ru
valid	ru	вашем	вашем	unsure	unsure	unsure
wrong	ru	вашем	dfitv	unsure	unsure	unsure
valid	ru	ваши	ваши	unsure	unsure	unsure
wrong	ru	ваши	dfib	ru	ru	ru
valid	ru	вашим	вашим	unsure	unsure	unsure
wrong	ru	вашим	dfibv	ru	ru	ru
valid	ru	ваших	ваших	unsure	unsure	unsure
wrong	ru	ваших	dfib[	ru	ru	ru
valid	ru	вашу	вашу	unsure	unsure	unsure
wrong	ru	вашу	dfie	unsure	unsure	unsure
valid	ru	вдоль	вдоль	unsure	unsure	unsure
wrong	ru	вдоль	dljkm	ru	ru	ru
valid	ru	ведь	ведь	unsure	unsure	unsure
wrong	ru	ведь	dtlm	ru	ru	ru
valid	ru	вернее	вернее	unsure	unsure	unsure
wrong	ru	вернее	dthytt	unsure	unsure	unsure
valid	ru	верно	верно	unsure	unsure	unsure
wrong	ru	верно	dthyj	ru	ru	ru
valid	ru	весь	весь	unsure	unsure	unsure
wrong	ru	весь	dtcm	ru	ru	ru
valid	ru	вечер	вечер	unsure	unsure	unsure
wrong	ru	вечер	dtxth	unsure	unsure	unsure
valid	ru	взял	взял	unsure	unsure	unsure
wrong	ru	взял	dpzk	unsure	unsure	unsure
valid	ru	взять	взять	unsure	unsure	unsure
wrong	ru	взять	dpznm	ru	ru	ru
valid	ru	видим	видим	unsure	unsure	unsure
wrong	ru	видим	dblbv	ru	ru	ru
valid	ru	видит	видит	unsure	unsure	unsure
wrong	ru	видит	dblbn	ru	ru	ru
valid	ru	видишь	видишь	unsure	unsure	unsure
wrong	ru	видишь	dblbim	unsure	unsure	unsure
valid	ru	видят	видят	unsure	unsure	unsure
wrong	ru	видят	dblzn	unsure	unsure	unsure
valid	ru	вижу	вижу	unsure	unsure	unsure
wrong	ru	вижу	db;e	ru	ru	ru
valid	ru	вино	вино	unsure	unsure	unsure
wrong	ru	вино	dbyj	ru	ru	ru
valid	ru	вне	вне	unsure	unsure	unsure
wrong	ru	вне	dyt	ru	ru	ru
valid	ru	внутри	внутри	unsure	unsure	unsure
wrong	ru	внутри	dyenhb	ru	ru	ru
valid	ru	внутрь	внутрь	unsure	unsure	unsure
wrong	ru	внутрь	dyenhm	unsure	unsure	unsure
valid	ru	во	во	unsure	unsure	en
wrong	ru	во	dj	unsure	ru	unsure
valid	ru	вода	вода	unsure	unsure	unsure
wrong	ru	вода	djlf	ru	ru	ru
valid	ru	воды	воды	unsure	unsure	unsure
wrong	ru	воды	djls	ru	ru	ru
valid	ru	возле	возле	unsure	unsure	unsure
wrong	ru	возле	djpkt	ru	ru	ru
valid	ru	вокруг	вокруг	unsure	unsure	unsure
wrong	ru	вокруг	djrheu	ru	ru	ru
valid	ru	вон	вон	unsure	unsure	unsure
wrong	ru	вон	djy	ru	ru	ru
valid	ru	вообще	вообще	unsure	unsure	unsure
wrong	ru	вообще	djj,ot	ru	ru	ru
valid	ru	восемь	восемь	unsure	unsure	unsure
wrong	ru	восемь	djctvm	ru	ru	ru
valid	ru	вот	вот	unsure	unsure	unsure
wrong	ru	вот	djn	ru	ru	ru
valid	ru	впрочем	впрочем	unsure	unsure	unsure
wrong	ru	впрочем	dghjxtv	ru	ru	ru
valid	ru	все	все	unsure	unsure	unsure
wrong	ru	все	dct	ru	ru	ru
valid	ru	всегда	всегда	unsure	unsure	unsure
wrong	ru	всегда	dctulf	ru	ru	ru
valid	ru	всего	всего	unsure	unsure	unsure
wrong	ru	всего	dctuj	ru	ru	ru
valid	ru	всем	всем	unsure	unsure	unsure
wrong	ru	всем	dctv	ru	ru	ru
valid	ru	всех	всех	unsure	unsure	unsure
wrong	ru	всех	dct[	ru	ru	ru
valid	ru	всю	всю	unsure	unsure	unsure
wrong	ru	всю	dc.	ru	ru	ru
valid	ru	вся	вся	unsure	unsure	unsure
wrong	ru	вся	dcz	ru	ru	ru
valid	ru	всё	всё	unsure	unsure	unsure
wrong	ru	всё	dc`	ru	ru	ru
valid	ru	вы	вы	unsure	unsure	unsure
wrong	ru	вы	ds	ru	ru	ru
valid	ru	выше	выше	unsure	unsure	unsure
wrong	ru	выше	dsit	unsure	unsure	unsure
valid	ru	где	где	unsure	unsure	unsure
wrong	ru	где	ult	ru	ru	ru
valid	ru	глаз	глаз	unsure	unsure	unsure
wrong	ru	глаз	ukfp	ru	ru	ru
valid	ru	глаза	глаза	unsure	unsure	unsure
wrong	ru	глаза	ukfpf	ru	ru	ru
valid	ru	гм	гм	unsure	unsure	unsure
wrong	ru	гм	uv	unsure	unsure	unsure
valid	ru	год	год	unsure	unsure	unsure
wrong	ru	год	ujl	ru	ru	ru
valid	ru	года	года	unsure	unsure	unsure
wrong	ru	года	ujlf	ru	ru	ru
valid	ru	году	году	unsure	unsure	unsure
wrong	ru	году	ujle	ru	ru	ru
valid	ru	да	да	unsure	unsure	unsure
wrong	ru	да	lf	ru	ru	ru
valid	ru	дабы	дабы	unsure	unsure	unsure
wrong	ru	дабы	lf,s	ru	ru	ru
valid	ru	давай	давай	unsure	unsure	unsure
wrong	ru	давай	lfdfq	ru	ru	ru
valid	ru	давайте	давайте	unsure	unsure	unsure
wrong	ru	давайте	lfdfqnt	ru	ru	ru
valid	ru	давно	давно	unsure	unsure	unsure
wrong	ru	давно	lfdyj	ru	ru	ru
valid	ru	дадим	дадим	unsure	unsure	unsure
wrong	ru	дадим	lflbv	ru	ru	ru
valid	ru	дадут	дадут	unsure	unsure	unsure
wrong	ru	дадут	lflen	unsure	unsure	unsure
valid	ru	даже	даже	unsure	unsure	unsure
wrong	ru	даже	lf;t	ru	ru	ru
valid	ru	дал	дал	unsure	unsure	unsure
wrong	ru	дал	lfk	ru	ru	ru
valid	ru	дам	дам	unsure	unsure	unsure
wrong	ru	дам	lfv	ru	ru	ru
valid	ru	даст	даст	unsure	unsure	unsure
wrong	ru	даст	lfcn	ru	ru	ru
valid	ru	дать	дать	unsure	unsure	unsure
wrong	ru	дать	lfnm	ru	ru	ru
valid	ru	дашь	дашь	unsure	unsure	unsure
wrong	ru	дашь	lfim	unsure	unsure	unsure
valid	ru	два	два	unsure	unsure	unsure
wrong	ru	два	ldf	ru	ru	ru
valid	ru	две	две	unsure	unsure	unsure
wrong	ru	две	ldt	ru	ru	ru
valid	ru	двум	двум	unsure	unsure	unsure
wrong	ru	двум	ldev	unsure	unsure	unsure
valid	ru	двух	двух	unsure	unsure	unsure
wrong	ru	двух	lde[	unsure	unsure	unsure
valid	ru	девять	девять	unsure	unsure	unsure
wrong	ru	девять	ltdznm	ru	ru	ru
valid	ru	дела	дела	unsure	unsure	unsure
wrong	ru	дела	ltkf	ru	ru	ru
valid	ru	дело	дело	unsure	unsure	unsure
wrong	ru	дело	ltkj	ru	ru	ru
valid	ru	день	день	unsure	unsure	unsure
wrong	ru	день	ltym	ru	ru	ru
valid	ru	дескать	дескать	unsure	unsure	unsure
wrong	ru	дескать	ltcrfnm	ru	ru	ru
valid	ru	десять	десять	unsure	unsure	unsure
wrong	ru	десять	ltcznm	ru	ru	ru
valid	ru	для	для	unsure	unsure	unsure
wrong	ru	для	lkz	ru	ru	ru
valid	ru	дней	дней	unsure	unsure	unsure
wrong	ru	дней	lytq	ru	ru	ru
valid	ru	дни	дни	unsure	unsure	unsure
wrong	ru	дни	lyb	ru	ru	ru
valid	ru	дня	дня	unsure	unsure	unsure
wrong	ru	дня	lyz	ru	ru	ru
valid	ru	до	до	unsure	unsure	unsure
wrong	ru	до	lj	ru	ru	ru
valid	ru	добро	добро	unsure	unsure	unsure
wrong	ru	добро	lj,hj	ru	ru	ru
valid	ru	должен	должен	unsure	unsure	unsure
wrong	ru	должен	ljk;ty	ru	ru	ru
valid	ru	должна	должна	unsure	unsure	unsure
wrong	ru	должна	ljk;yf	ru	ru	ru
valid	ru	должны	должны	unsure	unsure	unsure
wrong	ru	должны	ljk;ys	ru	ru	ru
valid	ru	дом	дом	unsure	unsure	unsure
wrong	ru	дом	ljv	ru	ru	ru
valid	ru	дома	дома	unsure	unsure	unsure
wrong	ru	дома	ljvf	ru	ru	ru
valid	ru	друг	друг	unsure	unsure	unsure
wrong	ru	друг	lheu	ru	ru	ru
valid	ru	его	его	unsure	unsure	unsure
wrong	ru	его	tuj	ru	ru	ru
valid	ru	еда	еда	unsure	unsure	unsure
wrong	ru	еда	tlf	unsure	unsure	unsure
valid	ru	едва	едва	unsure	unsure	unsure
wrong	ru	едва	tldf	unsure	unsure	unsure
valid	ru	едим	едим	unsure	unsure	unsure
wrong	ru	едим	tlbv	unsure	unsure	unsure
valid	ru	еды	еды	unsure	unsure	unsure
wrong	ru	еды	tls	unsure	unsure	unsure
valid	ru	едят	едят	unsure	unsure	unsure
wrong	ru	едят	tlzn	unsure	unsure	unsure
valid	ru	ее	ее	unsure	unsure	unsure
wrong	ru	ее	tt	ru	ru	ru
valid	ru	ей	ей	unsure	unsure	unsure
wrong	ru	ей	tq	ru	ru	ru
valid	ru	ем	ем	unsure	unsure	unsure
wrong	ru	ем	tv	unsure	unsure	unsure
valid	ru	ему	ему	unsure	unsure	unsure
wrong	ru	ему	tve	ru	ru	ru
valid	ru	если	если	unsure	unsure	unsure
wrong	ru	если	tckb	ru	ru	ru
valid	ru	ест	ест	unsure	unsure	unsure
wrong	ru	ест	tcn	unsure	unsure	unsure
valid	ru	есть	есть	unsure	unsure	unsure
wrong	ru	есть	tcnm	ru	ru	ru
valid	ru	ешь	ешь	unsure	unsure	unsure
wrong	ru	ешь	tim	unsure	unsure	unsure
valid	ru	ешьте	ешьте	unsure	unsure	unsure
wrong	ru	ешьте	timnt	unsure	unsure	unsure
valid	ru	еще	еще	unsure	unsure	unsure
wrong	ru	еще	tot	ru	ru	ru
valid	ru	ещё	ещё	unsure	unsure	unsure
wrong	ru	ещё	to`	ru	ru	ru
valid	ru	её	её	unsure	unsure	unsure
wrong	ru	её	t`	ru	ru	ru
valid	ru	ж	ж	unsure	unsure	unsure
wrong	ru	ж	;	unsure	unsure	unsure
valid	ru	жаль	жаль	unsure	unsure	unsure
wrong	ru	жаль	;fkm	ru	ru	ru
valid	ru	ждал	ждал	unsure	unsure	unsure
wrong	ru	ждал	;lfk	ru	ru	ru
valid	ru	ждала	ждала	unsure	unsure	unsure
wrong	ru	ждала	;lfkf	ru	ru	ru
valid	ru	ждем	ждем	unsure	unsure	unsure
wrong	ru	ждем	;ltv	ru	ru	ru
valid	ru	ждет	ждет	unsure	unsure	unsure
wrong	ru	ждет	;ltn	ru	ru	ru
valid	ru	жду	жду	unsure	unsure	unsure
wrong	ru	жду	;le	ru	ru	ru
valid	ru	ждут	ждут	unsure	unsure	unsure
wrong	ru	ждут	;len	ru	ru	ru
valid	ru	ждём	ждём	unsure	unsure	unsure
wrong	ru	ждём	;l`v	ru	ru	ru
valid	ru	ждёт	ждёт	unsure	unsure	unsure
wrong	ru	ждёт	;l`n	ru	ru	ru
valid	ru	же	же	unsure	unsure	unsure
wrong	ru	же	;t	ru	ru	ru
valid	ru	за	за	unsure	unsure	unsure
wrong	ru	за	pf	ru	ru	ru
valid	ru	затем	затем	unsure	unsure	unsure
wrong	ru	затем	pfntv	ru	ru	ru
valid	ru	зато	зато	unsure	unsure	unsure
wrong	ru	зато	pfnj	ru	ru	ru
valid	ru	зачем	зачем	unsure	unsure	unsure
wrong	ru	зачем	pfxtv	ru	ru	ru
valid	ru	здесь	здесь	unsure	unsure	unsure
wrong	ru	здесь	pltcm	ru	ru	ru
valid	ru	здравствуй	здравствуй	unsure	unsure	unsure
wrong	ru	здравствуй	plhfdcndeq	ru	ru	ru
valid	ru	здравствуйте	здравствуйте	unsure	unsure	unsure
wrong	ru	здравствуйте	plhfdcndeqnt	ru	ru	ru
valid	ru	знаем	знаем	unsure	unsure	unsure
wrong	ru	знаем	pyftv	ru	ru	ru
valid	ru	знает	знает	unsure	unsure	unsure
wrong	ru	знает	pyftn	unsure	unsure	unsure
valid	ru	знаешь	знаешь	unsure	unsure	unsure
wrong	ru	знаешь	pyftim	unsure	unsure	unsure
valid	ru	знал	знал	unsure	unsure	unsure
wrong	ru	знал	pyfk	unsure	unsure	unsure
valid	ru	знаю	знаю	unsure	unsure	unsure
wrong	ru	знаю	pyf.	ru	ru	ru
valid	ru	знают	знают	unsure	unsure	unsure
wrong	ru	знают	pyf.n	ru	ru	ru
valid	ru	зуб	зуб	unsure	unsure	unsure
wrong	ru	зуб	pe,	unsure	unsure	unsure
valid	ru	зубы	зубы	unsure	unsure	unsure
wrong	ru	зубы	pe,s	ru	ru	ru
valid	ru	и	и	unsure	unsure	unsure
wrong	ru	и	b	ru	ru	unsure
valid	ru	ибо	ибо	unsure	unsure	unsure
wrong	ru	ибо	b,j	ru	ru	ru
valid	ru	идем	идем	unsure	unsure	unsure
wrong	ru	идем	bltv	ru	ru	ru
valid	ru	идет	идет	unsure	unsure	unsure
wrong	ru	идет	bltn	ru	ru	ru
valid	ru	идти	идти	unsure	unsure	unsure
wrong	ru	идти	blnb	ru	ru	ru
valid	ru	иду	иду	unsure	unsure	unsure
wrong	ru	иду	ble	unsure	unsure	unsure
valid	ru	идут	идут	unsure	unsure	unsure
wrong	ru	идут	blen	unsure	unsure	unsure
valid	ru	идём	идём	unsure	unsure	unsure
wrong	ru	идём	bl`v	ru	ru	ru
valid	ru	идёт	идёт	unsure	unsure	unsure
wrong	ru	идёт	bl`n	ru	ru	ru
valid	ru	из	из	unsure	unsure	unsure
wrong	ru	из	bp	ru	ru	ru
valid	ru	изо	изо	unsure	unsure	unsure
wrong	ru	изо	bpj	ru	ru	ru
valid	ru	или	или	unsure	unsure	unsure
wrong	ru	или	bkb	ru	ru	ru
valid	ru	им	им	unsure	unsure	unsure
wrong	ru	им	bv	ru	ru	ru
valid	ru	ими	ими	unsure	unsure	unsure
wrong	ru	ими	bvb	ru	ru	ru
valid	ru	имя	имя	unsure	unsure	unsure
wrong	ru	имя	bvz	ru	ru	ru
valid	ru	иногда	иногда	unsure	unsure	unsure
wrong	ru	иногда	byjulf	unsure	unsure	unsure
valid	ru	иной	иной	unsure	unsure	unsure
wrong	ru	иной	byjq	ru	ru	ru
valid	ru	итак	итак	unsure	unsure	unsure
wrong	ru	итак	bnfr	ru	ru	ru
valid	ru	их	их	unsure	unsure	unsure
wrong	ru	их	b[	ru	ru	ru
valid	ru	йо	йо	unsure	unsure	unsure
wrong	ru	йо	qj	unsure	unsure	unsure
valid	ru	к	к	unsure	unsure	unsure
wrong	ru	к	r	unsure	ru	unsure
valid	ru	кайф	кайф	unsure	unsure	unsure
wrong	ru	кайф	rfqa	ru	ru	ru
valid	ru	как	как	unsure	unsure	unsure
wrong	ru	как	rfr	ru	ru	ru
valid	ru	каша	каша	unsure	unsure	unsure
wrong	ru	каша	rfif	unsure	unsure	unsure
valid	ru	класс	класс	unsure	unsure	unsure
wrong	ru	класс	rkfcc	ru	ru	ru
valid	ru	ко	ко	unsure	unsure	unsure
wrong	ru	ко	rj	ru	ru	ru
valid	ru	когда	когда	unsure	unsure	unsure
wrong	ru	когда	rjulf	unsure	unsure	unsure
valid	ru	кого	кого	unsure	unsure	unsure
wrong	ru	кого	rjuj	ru	ru	ru
valid	ru	код	код	unsure	unsure	unsure
wrong	ru	код	rjl	ru	ru	ru
valid	ru	коды	коды	unsure	unsure	unsure
wrong	ru	коды	rjls	ru	ru	ru
valid	ru	кожа	кожа	unsure	unsure	unsure
wrong	ru	кожа	rj;f	ru	ru	ru
valid	ru	коли	коли	unsure	unsure	unsure
wrong	ru	коли	rjkb	ru	ru	ru
valid	ru	кому	кому	unsure	unsure	unsure
wrong	ru	кому	rjve	ru	ru	ru
valid	ru	кот	кот	unsure	unsure	unsure
wrong	ru	кот	rjn	ru	ru	ru
valid	ru	кота	кота	unsure	unsure	unsure
wrong	ru	кота	rjnf	ru	ru	ru
valid	ru	кофе	кофе	unsure	unsure	unsure
wrong	ru	кофе	rjat	unsure	unsure	unsure
valid	ru	кошка	кошка	unsure	unsure	unsure
wrong	ru	кошка	rjirf	ru	ru	ru
valid	ru	кроме	кроме	unsure	unsure	unsure
wrong	ru	кроме	rhjvt	ru	ru	ru
valid	ru	круто	круто	unsure	unsure	unsure
wrong	ru	круто	rhenj	unsure	unsure	unsure
valid	ru	кто	кто	unsure	unsure	unsure
wrong	ru	кто	rnj	ru	ru	ru
valid	ru	куда	куда	unsure	unsure	unsure
wrong	ru	куда	relf	ru	ru	ru
valid	ru	ладно	ладно	unsure	unsure	unsure
wrong	ru	ладно	kflyj	ru	ru	ru
valid	ru	лба	лба	unsure	unsure	unsure
wrong	ru	лба	k,f	ru	ru	ru
valid	ru	лес	лес	unsure	unsure	unsure
wrong	ru	лес	ktc	ru	ru	ru
valid	ru	леса	леса	unsure	unsure	unsure
wrong	ru	леса	ktcf	ru	ru	ru
valid	ru	лет	лет	unsure	unsure	unsure
wrong	ru	лет	ktn	ru	ru	ru
valid	ru	ли	ли	unsure	unsure	unsure
wrong	ru	ли	kb	ru	ru	ru
valid	ru	либо	либо	unsure	unsure	unsure
wrong	ru	либо	kb,j	ru	ru	ru
valid	ru	лис	лис	unsure	unsure	unsure
wrong	ru	лис	kbc	ru	ru	ru
valid	ru	лиса	лиса	unsure	unsure	unsure
wrong	ru	лиса	kbcf	ru	ru	ru
valid	ru	лица	лица	unsure	unsure	unsure
wrong	ru	лица	kbwf	ru	ru	ru
valid	ru	лицо	лицо	unsure	unsure	unsure
wrong	ru	лицо	kbwj	ru	ru	ru
valid	ru	лишь	лишь	unsure	unsure	unsure
wrong	ru	лишь	kbim	ru	ru	ru
valid	ru	лоб	лоб	unsure	unsure	unsure
wrong	ru	лоб	kj,	ru	ru	ru
valid	ru	лучше	лучше	unsure	unsure	unsure
wrong	ru	лучше	kexit	unsure	unsure	unsure
valid	ru	ль	ль	unsure	unsure	unsure
wrong	ru	ль	km	unsure	unsure	unsure
valid	ru	люди	люди	unsure	unsure	unsure
wrong	ru	люди	k.lb	ru	ru	ru
valid	ru	ля	ля	unsure	unsure	unsure
wrong	ru	ля	kz	unsure	unsure	unsure
valid	ru	мало	мало	unsure	unsure	unsure
wrong	ru	мало	vfkj	ru	ru	ru
valid	ru	мама	мама	unsure	unsure	unsure
wrong	ru	мама	vfvf	ru	ru	ru
valid	ru	мда	мда	unsure	unsure	unsure
wrong	ru	мда	vlf	unsure	unsure	unsure
valid	ru	между	между	unsure	unsure	unsure
wrong	ru	между	vt;le	ru	ru	ru
valid	ru	меньше	меньше	unsure	unsure	unsure
wrong	ru	меньше	vtymit	unsure	unsure	unsure
valid	ru	меня	меня	unsure	unsure	unsure
wrong	ru	меня	vtyz	ru	ru	ru
valid	ru	ми	ми	unsure	unsure	unsure
wrong	ru	ми	vb	unsure	unsure	unsure
valid	ru	мимо	мимо	unsure	unsure	unsure
wrong	ru	мимо	vbvj	ru	ru	ru
valid	ru	мир	мир	unsure	unsure	unsure
wrong	ru	мир	vbh	ru	ru	ru
valid	ru	мира	мира	unsure	unsure	unsure
wrong	ru	мира	vbhf	ru	ru	ru
valid	ru	миру	миру	unsure	unsure	unsure
wrong	ru	миру	vbhe	unsure	unsure	unsure
valid	ru	миры	миры	unsure	unsure	unsure
wrong	ru	миры	vbhs	ru	ru	ru
valid	ru	мне	мне	unsure	unsure	unsure
wrong	ru	мне	vyt	ru	ru	ru
valid	ru	мной	мной	unsure	unsure	unsure
wrong	ru	мной	vyjq	ru	ru	ru
valid	ru	мною	мною	unsure	unsure	unsure
wrong	ru	мною	vyj.	ru	ru	ru
valid	ru	могу	могу	unsure	unsure	unsure
wrong	ru	могу	vjue	unsure	unsure	unsure
valid	ru	могут	могут	unsure	unsure	unsure
wrong	ru	могут	vjuen	unsure	unsure	unsure
valid	ru	мое	мое	unsure	unsure	unsure
wrong	ru	мое	vjt	ru	ru	ru
valid	ru	моем	моем	unsure	unsure	unsure
wrong	ru	моем	vjtv	ru	ru	ru
valid	ru	можем	можем	unsure	unsure	unsure
wrong	ru	можем	vj;tv	ru	ru	ru
valid	ru	может	может	unsure	unsure	unsure
wrong	ru	может	vj;tn	ru	ru	ru
valid	ru	можешь	можешь	unsure	unsure	unsure
wrong	ru	можешь	vj;tim	ru	ru	ru
valid	ru	можно	можно	unsure	unsure	unsure
wrong	ru	можно	vj;yj	ru	ru	ru
valid	ru	мои	мои	unsure	unsure	unsure
wrong	ru	мои	vjb	ru	ru	ru
valid	ru	моим	моим	unsure	unsure	unsure
wrong	ru	моим	vjbv	ru	ru	ru
valid	ru	моих	моих	unsure	unsure	unsure
wrong	ru	моих	vjb[	ru	ru	ru
valid	ru	мой	мой	unsure	unsure	unsure
wrong	ru	мой	vjq	ru	ru	ru
valid	ru	мол	мол	unsure	unsure	unsure
wrong	ru	мол	vjk	ru	ru	ru
valid	ru	мою	мою	unsure	unsure	unsure
wrong	ru	мою	vj.	ru	ru	ru
valid	ru	моя	моя	unsure	unsure	unsure
wrong	ru	моя	vjz	ru	ru	ru
valid	ru	моё	моё	unsure	unsure	unsure
wrong	ru	моё	vj`	ru	ru	ru
valid	ru	моём	моём	unsure	unsure	unsure
wrong	ru	моём	vj`v	ru	ru	ru
valid	ru	мы	мы	unsure	unsure	en
wrong	ru	мы	vs	unsure	ru	unsure
valid	ru	мясо	мясо	unsure	unsure	unsure
wrong	ru	мясо	vzcj	ru	ru	ru
valid	ru	на	на	unsure	unsure	unsure
wrong	ru	на	yf	ru	ru	ru
valid	ru	над	над	unsure	unsure	unsure
wrong	ru	над	yfl	ru	ru	ru
valid	ru	надо	надо	unsure	unsure	unsure
wrong	ru	надо	yflj	ru	ru	ru
valid	ru	нам	нам	unsure	unsure	unsure
wrong	ru	нам	yfv	ru	ru	ru
valid	ru	нами	нами	unsure	unsure	unsure
wrong	ru	нами	yfvb	ru	ru	ru
valid	ru	нас	нас	unsure	unsure	unsure
wrong	ru	нас	yfc	ru	ru	ru
valid	ru	настолько	настолько	unsure	unsure	unsure
wrong	ru	настолько	yfcnjkmrj	ru	ru	ru
valid	ru	наш	наш	unsure	unsure	unsure
wrong	ru	наш	yfi	ru	ru	ru
valid	ru	наша	наша	unsure	unsure	unsure
wrong	ru	наша	yfif	ru	ru	ru
valid	ru	наше	наше	unsure	unsure	unsure
wrong	ru	наше	yfit	ru	ru	ru
valid	ru	наши	наши	unsure	unsure	unsure
wrong	ru	наши	yfib	ru	ru	ru
valid	ru	нашим	нашим	unsure	unsure	unsure
wrong	ru	нашим	yfibv	ru	ru	ru
valid	ru	наших	наших	unsure	unsure	unsure
wrong	ru	наших	yfib[	ru	ru	ru
valid	ru	нашу	нашу	unsure	unsure	unsure
wrong	ru	нашу	yfie	unsure	unsure	unsure
valid	ru	не	не	unsure	unsure	unsure
wrong	ru	не	yt	ru	ru	ru
valid	ru	неа	неа	unsure	unsure	unsure
wrong	ru	неа	ytf	ru	ru	ru
valid	ru	него	него	unsure	unsure	unsure
wrong	ru	него	ytuj	ru	ru	ru
valid	ru	нее	нее	unsure	unsure	unsure
wrong	ru	нее	ytt	ru	ru	ru
valid	ru	ней	ней	unsure	unsure	unsure
wrong	ru	ней	ytq	ru	ru	ru
valid	ru	некий	некий	unsure	unsure	unsure
wrong	ru	некий	ytrbq	ru	ru	ru
valid	ru	некого	некого	unsure	unsure	unsure
wrong	ru	некого	ytrjuj	ru	ru	ru
valid	ru	нельзя	нельзя	unsure	unsure	unsure
wrong	ru	нельзя	ytkmpz	ru	ru	ru
valid	ru	нем	нем	unsure	unsure	unsure
wrong	ru	нем	ytv	ru	ru	ru
valid	ru	нему	нему	unsure	unsure	unsure
wrong	ru	нему	ytve	unsure	unsure	unsure
valid	ru	несмотря	несмотря	unsure	unsure	unsure
wrong	ru	несмотря	ytcvjnhz	ru	ru	ru
valid	ru	нет	нет	unsure	unsure	unsure
wrong	ru	нет	ytn	ru	ru	ru
valid	ru	нету	нету	unsure	unsure	unsure
wrong	ru	нету	ytne	ru	ru	ru
valid	ru	неужели	неужели	unsure	unsure	unsure
wrong	ru	неужели	yte;tkb	ru	ru	ru
valid	ru	нечего	нечего	unsure	unsure	unsure
wrong	ru	нечего	ytxtuj	ru	ru	ru
valid	ru	нечто	нечто	unsure	unsure	unsure
wrong	ru	нечто	ytxnj	ru	ru	ru
valid	ru	неё	неё	unsure	unsure	unsure
wrong	ru	неё	yt`	ru	ru	ru
valid	ru	ни	ни	unsure	unsure	unsure
wrong	ru	ни	yb	unsure	unsure	unsure
valid	ru	ниже	ниже	unsure	unsure	unsure
wrong	ru	ниже	yb;t	ru	ru	ru
valid	ru	никогда	никогда	unsure	unsure	unsure
wrong	ru	никогда	ybrjulf	ru	ru	ru
valid	ru	никто	никто	unsure	unsure	unsure
wrong	ru	никто	ybrnj	ru	ru	ru
valid	ru	ним	ним	unsure	unsure	unsure
wrong	ru	ним	ybv	ru	ru	ru
valid	ru	ними	ними	unsure	unsure	unsure
wrong	ru	ними	ybvb	ru	ru	ru
valid	ru	них	них	unsure	unsure	unsure
wrong	ru	них	yb[	ru	ru	ru
valid	ru	ничей	ничей	unsure	unsure	unsure
wrong	ru	ничей	ybxtq	ru	ru	ru
valid	ru	ничто	ничто	unsure	unsure	unsure
wrong	ru	ничто	ybxnj	ru	ru	ru
valid	ru	ништяк	ништяк	unsure	unsure	unsure
wrong	ru	ништяк	ybinzr	unsure	unsure	unsure
valid	ru	но	но	unsure	unsure	unsure
wrong	ru	но	yj	ru	ru	ru
valid	ru	ног	ног	unsure	unsure	unsure
wrong	ru	ног	yju	ru	ru	ru
valid	ru	нога	нога	unsure	unsure	unsure
wrong	ru	нога	yjuf	ru	ru	ru
valid	ru	ноги	ноги	unsure	unsure	unsure
wrong	ru	ноги	yjub	ru	ru	ru
valid	ru	ногу	ногу	unsure	unsure	unsure
wrong	ru	ногу	yjue	unsure	unsure	unsure
valid	ru	ноль	ноль	unsure	unsure	unsure
wrong	ru	ноль	yjkm	ru	ru	ru
valid	ru	норм	норм	unsure	unsure	unsure
wrong	ru	норм	yjhv	ru	ru	ru
valid	ru	нос	нос	unsure	unsure	unsure
wrong	ru	нос	yjc	ru	ru	ru
valid	ru	ночь	ночь	unsure	unsure	unsure
wrong	ru	ночь	yjxm	ru	ru	ru
valid	ru	ну	ну	unsure	unsure	unsure
wrong	ru	ну	ye	ru	ru	ru
valid	ru	нужно	нужно	unsure	unsure	unsure
wrong	ru	нужно	ye;yj	ru	ru	ru
valid	ru	нуль	нуль	unsure	unsure	unsure
wrong	ru	нуль	yekm	ru	ru	ru
valid	ru	нуля	нуля	unsure	unsure	unsure
wrong	ru	нуля	yekz	ru	ru	ru
valid	ru	нём	нём	unsure	unsure	unsure
wrong	ru	нём	y`v	ru	ru	ru
valid	ru	о	о	unsure	unsure	unsure
wrong	ru	о	j	unsure	ru	unsure
valid	ru	об	об	unsure	unsure	unsure
wrong	ru	об	j,	ru	ru	ru
valid	ru	оба	оба	unsure	unsure	unsure
wrong	ru	оба	j,f	ru	ru	ru
valid	ru	обе	обе	unsure	unsure	unsure
wrong	ru	обе	j,t	ru	ru	ru
valid	ru	обо	обо	unsure	unsure	unsure
wrong	ru	обо	j,j	ru	ru	ru
valid	ru	ого	ого	unsure	unsure	unsure
wrong	ru	ого	juj	ru	ru	ru
valid	ru	один	один	unsure	unsure	unsure
wrong	ru	один	jlby	ru	ru	ru
valid	ru	одна	одна	unsure	unsure	unsure
wrong	ru	одна	jlyf	ru	ru	ru
valid	ru	однако	однако	unsure	unsure	unsure
wrong	ru	однако	jlyfrj	ru	ru	ru
valid	ru	одни	одни	unsure	unsure	unsure
wrong	ru	одни	jlyb	ru	ru	ru
valid	ru	одно	одно	unsure	unsure	unsure
wrong	ru	одно	jlyj	ru	ru	ru
valid	ru	одну	одну	unsure	unsure	unsure
wrong	ru	одну	jlye	ru	ru	ru
valid	ru	ой	ой	unsure	unsure	unsure
wrong	ru	ой	jq	ru	ru	ru
valid	ru	ок	ок	unsure	unsure	unsure
wrong	ru	ок	jr	ru	ru	ru
valid	ru	окей	окей	unsure	unsure	unsure
wrong	ru	окей	jrtq	ru	ru	ru
valid	ru	около	около	unsure	unsure	unsure
wrong	ru	около	jrjkj	ru	ru	ru
valid	ru	он	он	unsure	unsure	unsure
wrong	ru	он	jy	ru	ru	ru
valid	ru	она	она	unsure	unsure	unsure
wrong	ru	она	jyf	ru	ru	ru
valid	ru	они	они	unsure	unsure	unsure
wrong	ru	они	jyb	ru	ru	ru
valid	ru	оно	оно	unsure	unsure	unsure
wrong	ru	оно	jyj	ru	ru	ru
valid	ru	опа	опа	unsure	unsure	unsure
wrong	ru	опа	jgf	ru	ru	ru
valid	ru	опять	опять	unsure	unsure	unsure
wrong	ru	опять	jgznm	ru	ru	ru
valid	ru	от	от	unsure	unsure	unsure
wrong	ru	от	jn	ru	ru	ru
valid	ru	откуда	откуда	unsure	unsure	unsure
wrong	ru	откуда	jnrelf	ru	ru	ru
valid	ru	ото	ото	unsure	unsure	unsure
wrong	ru	ото	jnj	ru	ru	ru
valid	ru	отсюда	отсюда	unsure	unsure	unsure
wrong	ru	отсюда	jnc.lf	ru	ru	ru
valid	ru	оттуда	оттуда	unsure	unsure	unsure
wrong	ru	оттуда	jnnelf	ru	ru	ru
valid	ru	ох	ох	unsure	unsure	unsure
wrong	ru	ох	j[	ru	ru	ru
valid	ru	очень	очень	unsure	unsure	unsure
wrong	ru	очень	jxtym	ru	ru	ru
valid	ru	папа	папа	unsure	unsure	unsure
wrong	ru	папа	gfgf	ru	ru	ru
valid	ru	перед	перед	unsure	unsure	unsure
wrong	ru	перед	gthtl	unsure	unsure	unsure
valid	ru	пес	пес	unsure	unsure	unsure
wrong	ru	пес	gtc	ru	ru	ru
valid	ru	пиво	пиво	unsure	unsure	unsure
wrong	ru	пиво	gbdj	ru	ru	ru
valid	ru	плиз	плиз	unsure	unsure	unsure
wrong	ru	плиз	gkbp	ru	ru	ru
valid	ru	по	по	unsure	unsure	unsure
wrong	ru	по	gj	ru	ru	ru
valid	ru	под	под	unsure	unsure	unsure
wrong	ru	под	gjl	ru	ru	ru
valid	ru	подо	подо	unsure	unsure	unsure
wrong	ru	подо	gjlj	ru	ru	ru
valid	ru	пожалуйста	пожалуйста	unsure	unsure	unsure
wrong	ru	пожалуйста	gj;fkeqcnf	ru	ru	ru
valid	ru	пока	пока	unsure	unsure	unsure
wrong	ru	пока	gjrf	ru	ru	ru
valid	ru	пора	пора	unsure	unsure	unsure
wrong	ru	пора	gjhf	ru	ru	ru
valid	ru	поскольку	поскольку	unsure	unsure	unsure
wrong	ru	поскольку	gjcrjkmre	ru	ru	ru
valid	ru	после	после	unsure	unsure	unsure
wrong	ru	после	gjckt	ru	ru	ru
valid	ru	потом	потом	unsure	unsure	unsure
wrong	ru	потом	gjnjv	ru	ru	ru
valid	ru	потому	потому	unsure	unsure	unsure
wrong	ru	потому	gjnjve	ru	ru	ru
valid	ru	почему	почему	unsure	unsure	unsure
wrong	ru	почему	gjxtve	ru	ru	ru
valid	ru	почти	почти	unsure	unsure	unsure
wrong	ru	почти	gjxnb	ru	ru	ru
valid	ru	поэтому	поэтому	unsure	unsure	unsure
wrong	ru	поэтому	gj'njve	ru	ru	ru
valid	ru	при	при	unsure	unsure	unsure
wrong	ru	при	ghb	ru	ru	ru
valid	ru	привет	привет	unsure	unsure	unsure
wrong	ru	привет	ghbdtn	ru	ru	ru
valid	ru	причем	причем	unsure	unsure	unsure
wrong	ru	причем	ghbxtv	ru	ru	ru
valid	ru	причём	причём	unsure	unsure	unsure
wrong	ru	причём	ghbx`v	ru	ru	ru
valid	ru	про	про	unsure	unsure	unsure
wrong	ru	про	ghj	ru	ru	ru
valid	ru	против	против	unsure	unsure	unsure
wrong	ru	против	ghjnbd	ru	ru	ru
valid	ru	пса	пса	unsure	unsure	unsure
wrong	ru	пса	gcf	unsure	unsure	unsure
valid	ru	пускай	пускай	unsure	unsure	unsure
wrong	ru	пускай	gecrfq	unsure	unsure	unsure
valid	ru	пусть	пусть	unsure	unsure	unsure
wrong	ru	пусть	gecnm	unsure	unsure	unsure
valid	ru	пути	пути	unsure	unsure	unsure
wrong	ru	пути	genb	unsure	unsure	unsure
valid	ru	путь	путь	unsure	unsure	unsure
wrong	ru	путь	genm	unsure	unsure	unsure
valid	ru	пьем	пьем	unsure	unsure	unsure
wrong	ru	пьем	gmtv	unsure	unsure	unsure
valid	ru	пьет	пьет	unsure	unsure	unsure
wrong	ru	пьет	gmtn	unsure	unsure	unsure
valid	ru	пьешь	пьешь	unsure	unsure	unsure
wrong	ru	пьешь	gmtim	unsure	unsure	unsure
valid	ru	пью	пью	unsure	unsure	unsure
wrong	ru	пью	gm.	unsure	unsure	unsure
valid	ru	пьют	пьют	unsure	unsure	unsure
wrong	ru	пьют	gm.n	ru	ru	ru
valid	ru	пьём	пьём	unsure	unsure	unsure
wrong	ru	пьём	gm`v	unsure	unsure	unsure
valid	ru	пьёт	пьёт	unsure	unsure	unsure
wrong	ru	пьёт	gm`n	ru	ru	ru
valid	ru	пять	пять	unsure	unsure	unsure
wrong	ru	пять	gznm	ru	ru	ru
valid	ru	пёс	пёс	unsure	unsure	unsure
wrong	ru	пёс	g`c	ru	ru	ru
valid	ru	рад	рад	unsure	unsure	unsure
wrong	ru	рад	hfl	unsure	unsure	unsure
valid	ru	рада	рада	unsure	unsure	unsure
wrong	ru	рада	hflf	ru	ru	ru
valid	ru	ради	ради	unsure	unsure	unsure
wrong	ru	ради	hflb	ru	ru	ru
valid	ru	рады	рады	unsure	unsure	unsure
wrong	ru	рады	hfls	unsure	unsure	unsure
valid	ru	раз	раз	unsure	unsure	unsure
wrong	ru	раз	hfp	ru	ru	ru
valid	ru	разве	разве	unsure	unsure	unsure
wrong	ru	разве	hfpdt	ru	ru	ru
valid	ru	ре	ре	unsure	unsure	unsure
wrong	ru	ре	ht	unsure	unsure	unsure
valid	ru	редко	редко	unsure	unsure	unsure
wrong	ru	редко	htlrj	ru	ru	ru
valid	ru	речь	речь	unsure	unsure	unsure
wrong	ru	речь	htxm	ru	ru	ru
valid	ru	рис	рис	unsure	unsure	unsure
wrong	ru	рис	hbc	ru	ru	ru
valid	ru	рот	рот	unsure	unsure	unsure
wrong	ru	рот	hjn	ru	ru	ru
valid	ru	рук	рук	unsure	unsure	en
wrong	ru	рук	her	unsure	ru	unsure
valid	ru	рука	рука	unsure	unsure	unsure
wrong	ru	рука	herf	ru	ru	ru
valid	ru	руки	руки	unsure	unsure	unsure
wrong	ru	руки	herb	unsure	unsure	unsure
valid	ru	руку	руку	unsure	unsure	en
wrong	ru	руку	here	unsure	ru	unsure
valid	ru	рыба	рыба	unsure	unsure	unsure
wrong	ru	рыба	hs,f	ru	ru	ru
valid	ru	рядом	рядом	unsure	unsure	unsure
wrong	ru	рядом	hzljv	ru	ru	ru
valid	ru	с	с	unsure	unsure	unsure
wrong	ru	с	c	unsure	ru	unsure
valid	ru	сайт	сайт	unsure	unsure	unsure
wrong	ru	сайт	cfqn	ru	ru	ru
valid	ru	сайты	сайты	unsure	unsure	unsure
wrong	ru	сайты	cfqns	ru	ru	ru
valid	ru	сам	сам	unsure	unsure	unsure
wrong	ru	сам	cfv	ru	ru	ru
valid	ru	сама	сама	unsure	unsure	unsure
wrong	ru	сама	cfvf	ru	ru	ru
valid	ru	сами	сами	unsure	unsure	unsure
wrong	ru	сами	cfvb	ru	ru	ru
valid	ru	само	само	unsure	unsure	unsure
wrong	ru	само	cfvj	ru	ru	ru
valid	ru	свое	свое	unsure	unsure	unsure
wrong	ru	свое	cdjt	ru	ru	ru
valid	ru	своем	своем	unsure	unsure	unsure
wrong	ru	своем	cdjtv	ru	ru	ru
valid	ru	свои	свои	unsure	unsure	unsure
wrong	ru	свои	cdjb	ru	ru	ru
valid	ru	своим	своим	unsure	unsure	unsure
wrong	ru	своим	cdjbv	ru	ru	ru
valid	ru	своих	своих	unsure	unsure	unsure
wrong	ru	своих	cdjb[	ru	ru	ru
valid	ru	свой	свой	unsure	unsure	unsure
wrong	ru	свой	cdjq	ru	ru	ru
valid	ru	свою	свою	unsure	unsure	unsure
wrong	ru	свою	cdj.	ru	ru	ru
valid	ru	своя	своя	unsure	unsure	unsure
wrong	ru	своя	cdjz	ru	ru	ru
valid	ru	своё	своё	unsure	unsure	unsure
wrong	ru	своё	cdj`	ru	ru	ru
valid	ru	своём	своём	unsure	unsure	unsure
wrong	ru	своём	cdj`v	ru	ru	ru
valid	ru	себе	себе	unsure	unsure	unsure
wrong	ru	себе	ct,t	ru	ru	ru
valid	ru	себя	себя	unsure	unsure	unsure
wrong	ru	себя	ct,z	ru	ru	ru
valid	ru	сей	сей	unsure	unsure	unsure
wrong	ru	сей	ctq	ru	ru	ru
valid	ru	сел	сел	unsure	unsure	unsure
wrong	ru	сел	ctk	unsure	unsure	unsure
valid	ru	села	села	unsure	unsure	unsure
wrong	ru	села	ctkf	ru	ru	ru
valid	ru	сели	сели	unsure	unsure	unsure
wrong	ru	сели	ctkb	ru	ru	ru
valid	ru	село	село	unsure	unsure	unsure
wrong	ru	село	ctkj	ru	ru	ru
valid	ru	семь	семь	unsure	unsure	unsure
wrong	ru	семь	ctvm	ru	ru	ru
valid	ru	сети	сети	unsure	unsure	unsure
wrong	ru	сети	ctnb	ru	ru	ru
valid	ru	сеть	сеть	unsure	unsure	unsure
wrong	ru	сеть	ctnm	ru	ru	ru
valid	ru	си	си	unsure	unsure	unsure
wrong	ru	си	cb	unsure	unsure	unsure
valid	ru	сколько	сколько	unsure	unsure	unsure
wrong	ru	сколько	crjkmrj	ru	ru	ru
valid	ru	скоро	скоро	unsure	unsure	unsure
wrong	ru	скоро	crjhj	ru	ru	ru
valid	ru	словно	словно	unsure	unsure	unsure
wrong	ru	словно	ckjdyj	ru	ru	ru
valid	ru	снаружи	снаружи	unsure	unsure	unsure
wrong	ru	снаружи	cyfhe;b	ru	ru	ru
valid	ru	снова	снова	unsure	unsure	unsure
wrong	ru	снова	cyjdf	ru	ru	ru
valid	ru	со	со	unsure	unsure	unsure
wrong	ru	со	cj	ru	ru	ru
valid	ru	собой	собой	unsure	unsure	unsure
wrong	ru	собой	cj,jq	ru	ru	ru
valid	ru	собою	собою	unsure	unsure	unsure
wrong	ru	собою	cj,j.	ru	ru	ru
valid	ru	совсем	совсем	unsure	unsure	unsure
wrong	ru	совсем	cjdctv	ru	ru	ru
valid	ru	сок	сок	unsure	unsure	unsure
wrong	ru	сок	cjr	ru	ru	ru
valid	ru	соль	соль	unsure	unsure	unsure
wrong	ru	соль	cjkm	ru	ru	ru
valid	ru	сорри	сорри	unsure	unsure	unsure
wrong	ru	сорри	cjhhb	ru	ru	ru
valid	ru	спасибо	спасибо	unsure	unsure	unsure
wrong	ru	спасибо	cgfcb,j	ru	ru	ru
valid	ru	спать	спать	unsure	unsure	unsure
wrong	ru	спать	cgfnm	ru	ru	ru
valid	ru	спим	спим	unsure	unsure	unsure
wrong	ru	спим	cgbv	ru	ru	ru
valid	ru	спит	спит	unsure	unsure	unsure
wrong	ru	спит	cgbn	ru	ru	ru
valid	ru	сплю	сплю	unsure	unsure	unsure
wrong	ru	сплю	cgk.	ru	ru	ru
valid	ru	спят	спят	unsure	unsure	unsure
wrong	ru	спят	cgzn	unsure	unsure	unsure
valid	ru	среди	среди	unsure	unsure	unsure
wrong	ru	среди	chtlb	unsure	unsure	unsure
valid	ru	стал	стал	unsure	unsure	unsure
wrong	ru	стал	cnfk	ru	ru	ru
valid	ru	сто	сто	unsure	unsure	unsure
wrong	ru	сто	cnj	ru	ru	ru
valid	ru	стол	стол	unsure	unsure	unsure
wrong	ru	стол	cnjk	ru	ru	ru
valid	ru	столько	столько	unsure	unsure	unsure
wrong	ru	столько	cnjkmrj	ru	ru	ru
valid	ru	суп	суп	unsure	unsure	unsure
wrong	ru	суп	ceg	unsure	unsure	unsure
valid	ru	супер	супер	unsure	unsure	unsure
wrong	ru	супер	cegth	unsure	unsure	unsure
valid	ru	сын	сын	unsure	unsure	unsure
wrong	ru	сын	csy	ru	ru	ru
valid	ru	сыр	сыр	unsure	unsure	unsure
wrong	ru	сыр	csh	unsure	unsure	unsure
valid	ru	сюда	сюда	unsure	unsure	unsure
wrong	ru	сюда	c.lf	ru	ru	ru
valid	ru	та	та	unsure	unsure	unsure
wrong	ru	та	nf	ru	ru	ru
valid	ru	так	так	unsure	unsure	unsure
wrong	ru	так	nfr	ru	ru	ru
valid	ru	также	также	unsure	unsure	unsure
wrong	ru	также	nfr;t	ru	ru	ru
valid	ru	там	там	unsure	unsure	unsure
wrong	ru	там	nfv	ru	ru	ru
valid	ru	твое	твое	unsure	unsure	unsure
wrong	ru	твое	ndjt	ru	ru	ru
valid	ru	твоем	твоем	unsure	unsure	unsure
wrong	ru	твоем	ndjtv	ru	ru	ru
valid	ru	твои	твои	unsure	unsure	unsure
wrong	ru	твои	ndjb	ru	ru	ru
valid	ru	твой	твой	unsure	unsure	unsure
wrong	ru	твой	ndjq	ru	ru	ru
valid	ru	твою	твою	unsure	unsure	unsure
wrong	ru	твою	ndj.	ru	ru	ru
valid	ru	твоя	твоя	unsure	unsure	unsure
wrong	ru	твоя	ndjz	ru	ru	ru
valid	ru	твоё	твоё	unsure	unsure	unsure
wrong	ru	твоё	ndj`	ru	ru	ru
valid	ru	твоём	твоём	unsure	unsure	unsure
wrong	ru	твоём	ndj`v	ru	ru	ru
valid	ru	те	те	unsure	unsure	unsure
wrong	ru	те	nt	ru	ru	ru
valid	ru	тебе	тебе	unsure	unsure	unsure
wrong	ru	тебе	nt,t	ru	ru	ru
valid	ru	тебя	тебя	unsure	unsure	unsure
wrong	ru	тебя	nt,z	ru	ru	ru
valid	ru	тела	тела	unsure	unsure	unsure
wrong	ru	тела	ntkf	unsure	unsure	unsure
valid	ru	тело	тело	unsure	unsure	unsure
wrong	ru	тело	ntkj	ru	ru	ru
valid	ru	тем	тем	unsure	unsure	unsure
wrong	ru	тем	ntv	ru	ru	ru
valid	ru	тест	тест	unsure	unsure	unsure
wrong	ru	тест	ntcn	ru	ru	ru
valid	ru	тесты	тесты	unsure	unsure	unsure
wrong	ru	тесты	ntcns	unsure	unsure	unsure
valid	ru	тех	тех	unsure	unsure	unsure
wrong	ru	тех	nt[	ru	ru	ru
valid	ru	то	то	unsure	unsure	unsure
wrong	ru	то	nj	ru	ru	ru
valid	ru	тобой	тобой	unsure	unsure	unsure
wrong	ru	тобой	nj,jq	ru	ru	ru
valid	ru	тобою	тобою	unsure	unsure	unsure
wrong	ru	тобою	nj,j.	ru	ru	ru
valid	ru	тогда	тогда	unsure	unsure	unsure
wrong	ru	тогда	njulf	unsure	unsure	unsure
valid	ru	того	того	unsure	unsure	unsure
wrong	ru	того	njuj	ru	ru	ru
valid	ru	тоже	тоже	unsure	unsure	unsure
wrong	ru	тоже	nj;t	ru	ru	ru
valid	ru	той	той	unsure	unsure	unsure
wrong	ru	той	njq	ru	ru	ru
valid	ru	только	только	unsure	unsure	unsure
wrong	ru	только	njkmrj	ru	ru	ru
valid	ru	том	том	unsure	unsure	unsure
wrong	ru	том	njv	ru	ru	ru
valid	ru	тома	тома	unsure	unsure	unsure
wrong	ru	тома	njvf	ru	ru	ru
valid	ru	тому	тому	unsure	unsure	unsure
wrong	ru	тому	njve	ru	ru	ru
valid	ru	торт	торт	unsure	unsure	unsure
wrong	ru	торт	njhn	ru	ru	ru
valid	ru	тот	тот	unsure	unsure	unsure
wrong	ru	тот	njn	ru	ru	ru
valid	ru	точно	точно	unsure	unsure	unsure
wrong	ru	точно	njxyj	ru	ru	ru
valid	ru	трем	трем	unsure	unsure	unsure
wrong	ru	трем	nhtv	ru	ru	ru
valid	ru	трех	трех	unsure	unsure	unsure
wrong	ru	трех	nht[	ru	ru	ru
valid	ru	три	три	unsure	unsure	unsure
wrong	ru	три	nhb	ru	ru	ru
valid	ru	труд	труд	unsure	unsure	unsure
wrong	ru	труд	nhel	unsure	unsure	unsure
valid	ru	трём	трём	unsure	unsure	unsure
wrong	ru	трём	nh`v	ru	ru	ru
valid	ru	трёх	трёх	unsure	unsure	unsure
wrong	ru	трёх	nh`[	ru	ru	ru
valid	ru	ту	ту	unsure	unsure	unsure
wrong	ru	ту	ne	ru	ru	ru
valid	ru	туда	туда	unsure	unsure	unsure
wrong	ru	туда	nelf	ru	ru	ru
valid	ru	тут	тут	unsure	unsure	unsure
wrong	ru	тут	nen	ru	ru	ru
valid	ru	ты	ты	unsure	unsure	unsure
wrong	ru	ты	ns	ru	ru	ru
valid	ru	у	у	unsure	unsure	unsure
wrong	ru	у	e	unsure	ru	unsure
valid	ru	увы	увы	unsure	unsure	unsure
wrong	ru	увы	eds	unsure	unsure	unsure
valid	ru	угу	угу	unsure	unsure	unsure
wrong	ru	угу	eue	unsure	unsure	unsure
valid	ru	уж	уж	unsure	unsure	unsure
wrong	ru	уж	e;	ru	ru	ru
valid	ru	уже	уже	unsure	unsure	unsure
wrong	ru	уже	e;t	ru	ru	ru
valid	ru	ум	ум	unsure	unsure	unsure
wrong	ru	ум	ev	unsure	unsure	unsure
valid	ru	ума	ума	unsure	unsure	unsure
wrong	ru	ума	evf	unsure	unsure	unsure
valid	ru	умен	умен	unsure	unsure	unsure
wrong	ru	умен	evty	unsure	unsure	unsure
valid	ru	умный	умный	unsure	unsure	unsure
wrong	ru	умный	evysq	unsure	unsure	unsure
valid	ru	умом	умом	unsure	unsure	unsure
wrong	ru	умом	evjv	ru	ru	ru
valid	ru	умён	умён	unsure	unsure	unsure
wrong	ru	умён	ev`y	unsure	unsure	unsure
valid	ru	ура	ура	unsure	unsure	unsure
wrong	ru	ура	ehf	ru	ru	ru
valid	ru	утро	утро	unsure	unsure	unsure
wrong	ru	утро	enhj	ru	ru	ru
valid	ru	ухо	ухо	unsure	unsure	unsure
wrong	ru	ухо	e[j	ru	ru	ru
valid	ru	ушел	ушел	unsure	unsure	unsure
wrong	ru	ушел	eitk	ru	ru	ru
valid	ru	уши	уши	unsure	unsure	unsure
wrong	ru	уши	eib	unsure	unsure	unsure
valid	ru	ушёл	ушёл	unsure	unsure	unsure
wrong	ru	ушёл	ei`k	ru	ru	ru
valid	ru	фа	фа	unsure	unsure	unsure
wrong	ru	фа	af	unsure	unsure	unsure
valid	ru	файл	файл	en	en	en
wrong	ru	файл	afqk	unsure	unsure	unsure
valid	ru	файлы	файлы	unsure	unsure	unsure
wrong	ru	файлы	afqks	unsure	unsure	unsure
valid	ru	хз	хз	unsure	unsure	unsure
wrong	ru	хз	[p	unsure	unsure	unsure
valid	ru	хлеб	хлеб	unsure	unsure	unsure
wrong	ru	хлеб	[kt,	unsure	unsure	unsure
valid	ru	хм	хм	unsure	unsure	unsure
wrong	ru	хм	[v	unsure	unsure	unsure
valid	ru	хотим	хотим	unsure	unsure	unsure
wrong	ru	хотим	[jnbv	ru	ru	ru
valid	ru	хоть	хоть	unsure	unsure	unsure
wrong	ru	хоть	[jnm	ru	ru	ru
valid	ru	хотя	хотя	unsure	unsure	unsure
wrong	ru	хотя	[jnz	ru	ru	ru
valid	ru	хотят	хотят	unsure	unsure	unsure
wrong	ru	хотят	[jnzn	ru	ru	ru
valid	ru	хочет	хочет	unsure	unsure	unsure
wrong	ru	хочет	[jxtn	ru	ru	ru
valid	ru	хочешь	хочешь	unsure	unsure	unsure
wrong	ru	хочешь	[jxtim	ru	ru	ru
valid	ru	хочу	хочу	unsure	unsure	unsure
wrong	ru	хочу	[jxe	ru	ru	ru
valid	ru	хуже	хуже	unsure	unsure	unsure
wrong	ru	хуже	[e;t	ru	ru	ru
valid	ru	чай	чай	unsure	unsure	unsure
wrong	ru	чай	xfq	ru	ru	ru
valid	ru	часто	часто	unsure	unsure	unsure
wrong	ru	часто	xfcnj	ru	ru	ru
valid	ru	че	че	unsure	unsure	unsure
wrong	ru	че	xt	unsure	unsure	unsure
valid	ru	чего	чего	unsure	unsure	unsure
wrong	ru	чего	xtuj	ru	ru	ru
valid	ru	чей	чей	unsure	unsure	unsure
wrong	ru	чей	xtq	ru	ru	ru
valid	ru	чем	чем	unsure	unsure	unsure
wrong	ru	чем	xtv	ru	ru	ru
valid	ru	чему	чему	unsure	unsure	unsure
wrong	ru	чему	xtve	ru	ru	ru
valid	ru	через	через	unsure	unsure	unsure
wrong	ru	через	xthtp	ru	ru	ru
valid	ru	черт	черт	unsure	unsure	unsure
wrong	ru	черт	xthn	unsure	unsure	unsure
valid	ru	чо	чо	unsure	unsure	unsure
wrong	ru	чо	xj	unsure	unsure	unsure
valid	ru	что	что	unsure	unsure	unsure
wrong	ru	что	xnj	ru	ru	ru
valid	ru	чтоб	чтоб	unsure	unsure	unsure
wrong	ru	чтоб	xnj,	ru	ru	ru
valid	ru	чуть	чуть	unsure	unsure	unsure
wrong	ru	чуть	xenm	ru	ru	ru
valid	ru	чье	чье	unsure	unsure	unsure
wrong	ru	чье	xmt	ru	ru	ru
valid	ru	чьи	чьи	unsure	unsure	unsure
wrong	ru	чьи	xmb	ru	ru	ru
valid	ru	чьим	чьим	unsure	unsure	unsure
wrong	ru	чьим	xmbv	ru	ru	ru
valid	ru	чьих	чьих	unsure	unsure	unsure
wrong	ru	чьих	xmb[	ru	ru	ru
valid	ru	чью	чью	unsure	unsure	unsure
wrong	ru	чью	xm.	ru	ru	ru
valid	ru	чья	чья	unsure	unsure	unsure
wrong	ru	чья	xmz	ru	ru	ru
valid	ru	чьё	чьё	unsure	unsure	unsure
wrong	ru	чьё	xm`	ru	ru	ru
valid	ru	чё	чё	unsure	unsure	unsure
wrong	ru	чё	x`	unsure	unsure	unsure
valid	ru	чёрт	чёрт	unsure	unsure	unsure
wrong	ru	чёрт	x`hn	unsure	unsure	unsure
valid	ru	шел	шел	unsure	unsure	unsure
wrong	ru	шел	itk	ru	ru	ru
valid	ru	шесть	шесть	unsure	unsure	unsure
wrong	ru	шесть	itcnm	unsure	unsure	unsure
valid	ru	шёл	шёл	unsure	unsure	unsure
wrong	ru	шёл	i`k	ru	ru	ru
valid	ru	ща	ща	unsure	unsure	en
wrong	ru	ща	of	unsure	ru	unsure
valid	ru	щас	щас	unsure	unsure	en
wrong	ru	щас	ofc	unsure	ru	unsure
valid	ru	щека	щека	unsure	unsure	unsure
wrong	ru	щека	otrf	unsure	unsure	unsure
valid	ru	щёки	щёки	unsure	unsure	unsure
wrong	ru	щёки	o`rb	unsure	unsure	unsure
valid	ru	эй	эй	unsure	unsure	unsure
wrong	ru	эй	'q	ru	ru	ru
valid	ru	эта	эта	unsure	unsure	unsure
wrong	ru	эта	'nf	ru	ru	ru
valid	ru	эти	эти	unsure	unsure	unsure
wrong	ru	эти	'nb	ru	ru	ru
valid	ru	этим	этим	unsure	unsure	unsure
wrong	ru	этим	'nbv	ru	ru	ru
valid	ru	этими	этими	unsure	unsure	unsure
wrong	ru	этими	'nbvb	ru	ru	ru
valid	ru	этих	этих	unsure	unsure	unsure
wrong	ru	этих	'nb[	ru	ru	ru
valid	ru	это	это	unsure	unsure	unsure
wrong	ru	это	'nj	ru	ru	ru
valid	ru	этой	этой	unsure	unsure	unsure
wrong	ru	этой	'njq	ru	ru	ru
valid	ru	этом	этом	unsure	unsure	unsure
wrong	ru	этом	'njv	ru	ru	ru
valid	ru	этот	этот	unsure	unsure	unsure
wrong	ru	этот	'njn	ru	ru	ru
valid	ru	эту	эту	unsure	unsure	unsure
wrong	ru	эту	'ne	ru	ru	ru
valid	ru	эх	эх	unsure	unsure	unsure
wrong	ru	эх	'[	ru	ru	ru
valid	ru	я	я	unsure	unsure	unsure
wrong	ru	я	z	ru	ru	unsure
valid	ru	яйца	яйца	unsure	unsure	unsure
wrong	ru	яйца	zqwf	ru	ru	ru
valid	ru	яйцо	яйцо	unsure	unsure	unsure
wrong	ru	яйцо	zqwj	ru	ru	ru
valid	ru	яма	яма	unsure	unsure	unsure
wrong	ru	яма	zvf	ru	ru	ru
valid	ru	ямы	ямы	unsure	unsure	unsure
wrong	ru	ямы	zvs	ru	ru	ru
valid	ru	ясно	ясно	unsure	unsure	unsure
wrong	ru	ясно	zcyj	ru	ru	ru
valid	en	a	a	unsure	unsure	unsure
wrong	en	a	ф	unsure	unsure	en
valid	en	abc	abc	unsure	unsure	unsure
wrong	en	abc	фис	unsure	unsure	unsure
valid	en	above	above	unsure	unsure	unsure
wrong	en	above	фищму	en	en	en
valid	en	abs	abs	unsure	unsure	unsure
wrong	en	abs	фиы	en	en	en
valid	en	ack	ack	unsure	unsure	unsure
wrong	en	ack	фсл	en	en	en
valid	en	act	act	unsure	unsure	unsure
wrong	en	act	фсе	en	en	en
valid	en	actor	actor	unsure	unsure	unsure
wrong	en	actor	фсещк	en	en	en
valid	en	add	add	unsure	unsure	unsure
wrong	en	add	фвв	en	en	en
valid	en	adobe	adobe	unsure	unsure	unsure
wrong	en	adobe	фвщиу	en	en	en
valid	en	afaik	afaik	unsure	unsure	unsure
wrong	en	afaik	фафшл	en	en	en
valid	en	afk	afk	unsure	unsure	unsure
wrong	en	afk	фал	en	en	en
valid	en	after	after	unsure	unsure	unsure
wrong	en	after	фаеук	en	en	en
valid	en	ago	ago	unsure	unsure	unsure
wrong	en	ago	фпщ	en	en	en
valid	en	ah	ah	unsure	unsure	unsure
wrong	en	ah	фр	en	en	en
valid	en	ai	ai	unsure	unsure	unsure
wrong	en	ai	фш	unsure	unsure	unsure
valid	en	air	air	unsure	unsure	unsure
wrong	en	air	фшк	en	en	en
valid	en	alias	alias	unsure	unsure	unsure
wrong	en	alias	фдшфы	en	en	en
valid	en	aliexpress	aliexpress	unsure	unsure	unsure
wrong	en	aliexpress	фдшучзкуыы	en	en	en
valid	en	all	all	unsure	unsure	unsure
wrong	en	all	фдд	en	en	en
valid	en	almost	almost	unsure	unsure	unsure
wrong	en	almost	фдьщые	en	en	en
valid	en	also	also	unsure	unsure	unsure
wrong	en	also	фдыщ	en	en	en
valid	en	always	always	unsure	unsure	unsure
wrong	en	always	фдцфны	en	en	en
valid	en	am	am	unsure	unsure	unsure
wrong	en	am	фь	en	en	en
valid	en	amazon	amazon	unsure	unsure	unsure
wrong	en	amazon	фьфящт	en	en	en
valid	en	an	an	unsure	unsure	unsure
wrong	en	an	фт	en	en	en
valid	en	and	and	unsure	unsure	unsure
wrong	en	and	фтв	en	en	en
valid	en	android	android	unsure	unsure	unsure
wrong	en	android	фтвкщшв	en	en	en
valid	en	another	another	unsure	unsure	unsure
wrong	en	another	фтщерук	en	en	en
valid	en	any	any	unsure	unsure	unsure
wrong	en	any	фтн	en	en	en
valid	en	anyone	anyone	unsure	unsure	unsure
wrong	en	anyone	фтнщту	en	en	en
valid	en	anything	anything	unsure	unsure	unsure
wrong	en	anything	фтнерштп	en	en	en
valid	en	anyway	anyway	unsure	unsure	unsure
wrong	en	anyway	фтнцфн	en	en	en
valid	en	anywhere	anywhere	unsure	unsure	unsure
wrong	en	anywhere	фтнцруку	en	en	en
valid	en	apache	apache	unsure	unsure	unsure
wrong	en	apache	фзфсру	en	en	en
valid	en	api	api	unsure	unsure	unsure
wrong	en	api	фзш	en	en	en
valid	en	app	app	unsure	unsure	unsure
wrong	en	app	фзз	en	en	en
valid	en	append	append	unsure	unsure	unsure
wrong	en	append	фззутв	en	en	en
valid	en	apple	apple	unsure	unsure	unsure
wrong	en	apple	фззду	en	en	en
valid	en	ar	ar	unsure	unsure	unsure
wrong	en	ar	фк	unsure	unsure	unsure
valid	en	arc	arc	unsure	unsure	unsure
wrong	en	arc	фкс	unsure	unsure	unsure
valid	en	arch	arch	unsure	unsure	unsure
wrong	en	arch	фкср	en	en	en
valid	en	are	are	unsure	unsure	unsure
wrong	en	are	фку	en	en	en
valid	en	armenia	armenia	unsure	unsure	unsure
wrong	en	armenia	фкьутшф	en	en	en
valid	en	art	art	unsure	unsure	unsure
wrong	en	art	фке	en	en	en
valid	en	as	as	unsure	unsure	unsure
wrong	en	as	фы	en	en	en
valid	en	asana	asana	unsure	unsure	unsure
wrong	en	asana	фыфтф	en	en	en
valid	en	asap	asap	unsure	unsure	unsure
wrong	en	asap	фыфз	en	en	en
valid	en	ask	ask	unsure	unsure	unsure
wrong	en	ask	фыл	en	en	en
valid	en	async	async	unsure	unsure	unsure
wrong	en	async	фынтс	unsure	unsure	unsure
valid	en	at	at	unsure	unsure	unsure
wrong	en	at	фе	en	en	en
valid	en	atom	atom	unsure	unsure	unsure
wrong	en	atom	фещь	en	en	en
valid	en	authors	authors	unsure	unsure	unsure
wrong	en	authors	фгерщкы	en	en	en
valid	en	avg	avg	unsure	unsure	unsure
wrong	en	avg	фмп	en	en	en
valid	en	avito	avito	unsure	unsure	unsure
wrong	en	avito	фмшещ	en	en	en
valid	en	aw	aw	unsure	unsure	unsure
wrong	en	aw	фц	unsure	unsure	unsure
valid	en	await	await	unsure	unsure	unsure
wrong	en	await	фцфше	en	en	en
valid	en	away	away	unsure	unsure	unsure
wrong	en	away	фцфн	en	en	en
valid	en	awk	awk	unsure	unsure	unsure
wrong	en	awk	фцл	en	en	en
valid	en	aws	aws	unsure	unsure	unsure
wrong	en	aws	фцы	en	en	en
valid	en	b2b	b2b	unsure	unsure	unsure
wrong	en	b2b	и2и	unsure	unsure	unsure
valid	en	b2c	b2c	unsure	unsure	unsure
wrong	en	b2c	и2с	unsure	unsure	unsure
valid	en	back	back	unsure	unsure	unsure
wrong	en	back	ифсл	en	en	en
valid	en	bad	bad	unsure	unsure	unsure
wrong	en	bad	ифв	en	en	en
valid	en	bash	bash	unsure	unsure	unsure
wrong	en	bash	ифыр	en	en	en
valid	en	bbc	bbc	ru	ru	ru
wrong	en	bbc	иис	unsure	unsure	unsure
valid	en	be	be	unsure	unsure	unsure
wrong	en	be	иу	en	en	en
valid	en	beeline	beeline	unsure	unsure	unsure
wrong	en	beeline	иуудшту	en	en	en
valid	en	been	been	unsure	unsure	unsure
wrong	en	been	иуут	en	en	en
valid	en	before	before	unsure	unsure	unsure
wrong	en	before	иуащку	en	en	en
valid	en	below	below	unsure	unsure	unsure
wrong	en	below	иудщц	en	en	en
valid	en	best	best	unsure	unsure	unsure
wrong	en	best	иуые	en	en	en
valid	en	between	between	unsure	unsure	unsure
wrong	en	between	иуецуут	en	en	en
valid	en	big	big	unsure	unsure	unsure
wrong	en	big	ишп	en	en	en
valid	en	billion	billion	unsure	unsure	unsure
wrong	en	billion	ишддшщт	en	en	en
valid	en	bin	bin	unsure	unsure	unsure
wrong	en	bin	ишт	unsure	unsure	unsure
valid	en	bind	bind	unsure	unsure	unsure
wrong	en	bind	иштв	unsure	unsure	unsure
valid	en	bit	bit	unsure	unsure	unsure
wrong	en	bit	ише	en	en	en
valid	en	bitbucket	bitbucket	unsure	unsure	unsure
wrong	en	bitbucket	ишеигслуе	unsure	unsure	unsure
valid	en	blender	blender	unsure	unsure	unsure
wrong	en	blender	идутвук	unsure	unsure	unsure
valid	en	bmw	bmw	unsure	unsure	unsure
wrong	en	bmw	иьц	unsure	unsure	unsure
valid	en	board	board	unsure	unsure	unsure
wrong	en	board	ищфкв	unsure	unsure	unsure
valid	en	bool	bool	unsure	unsure	unsure
wrong	en	bool	ищщд	en	en	en
valid	en	boolean	boolean	unsure	unsure	unsure
wrong	en	boolean	ищщдуфт	en	en	en
valid	en	both	both	unsure	unsure	unsure
wrong	en	both	ищер	en	en	en
valid	en	box	box	unsure	unsure	unsure
wrong	en	box	ищч	en	en	en
valid	en	boy	boy	unsure	unsure	unsure
wrong	en	boy	ищн	en	en	en
valid	en	brave	brave	unsure	unsure	unsure
wrong	en	brave	икфму	unsure	unsure	unsure
valid	en	brazil	brazil	unsure	unsure	unsure
wrong	en	brazil	икфяшд	unsure	unsure	unsure
valid	en	brb	brb	ru	ru	ru
wrong	en	brb	ики	unsure	unsure	unsure
valid	en	break	break	unsure	unsure	unsure
wrong	en	break	икуфл	en	en	en
valid	en	brew	brew	unsure	unsure	unsure
wrong	en	brew	икуц	unsure	unsure	unsure
valid	en	bsd	bsd	unsure	unsure	unsure
wrong	en	bsd	иыв	unsure	unsure	unsure
valid	en	btw	btw	unsure	unsure	unsure
wrong	en	btw	иец	unsure	unsure	unsure
valid	en	bug	bug	unsure	unsure	unsure
wrong	en	bug	игп	en	en	en
valid	en	but	but	unsure	unsure	unsure
wrong	en	but	иге	en	en	en
valid	en	buy	buy	unsure	unsure	unsure
wrong	en	buy	игн	en	en	en
valid	en	by	by	unsure	unsure	unsure
wrong	en	by	ин	en	en	en
valid	en	bzip	bzip	unsure	unsure	unsure
wrong	en	bzip	ияшз	unsure	unsure	unsure
valid	en	cache	cache	unsure	unsure	unsure
wrong	en	cache	сфсру	en	en	en
valid	en	caddy	caddy	unsure	unsure	unsure
wrong	en	caddy	сфввн	unsure	unsure	unsure
valid	en	call	call	unsure	unsure	unsure
wrong	en	call	сфдд	en	en	en
valid	en	came	came	unsure	unsure	unsure
wrong	en	came	сфьу	en	en	en
valid	en	can	can	unsure	unsure	unsure
wrong	en	can	сфт	en	en	en
valid	en	canva	canva	unsure	unsure	unsure
wrong	en	canva	сфтмф	en	en	en
valid	en	cap	cap	unsure	unsure	unsure
wrong	en	cap	сфз	unsure	unsure	unsure
valid	en	car	car	unsure	unsure	unsure
wrong	en	car	сфк	en	en	en
valid	en	case	case	unsure	unsure	unsure
wrong	en	case	сфыу	en	en	en
valid	en	cat	cat	unsure	unsure	unsure
wrong	en	cat	сфе	en	en	en
valid	en	catch	catch	unsure	unsure	unsure
wrong	en	catch	сфеср	unsure	unsure	unsure
valid	en	cbs	cbs	unsure	unsure	unsure
wrong	en	cbs	сиы	unsure	unsure	unsure
valid	en	cc	cc	unsure	unsure	unsure
wrong	en	cc	сс	unsure	unsure	unsure
valid	en	ce	ce	unsure	unsure	unsure
wrong	en	ce	су	unsure	unsure	unsure
valid	en	centos	centos	unsure	unsure	unsure
wrong	en	centos	сутещы	unsure	unsure	unsure
valid	en	changelog	changelog	unsure	unsure	unsure
wrong	en	changelog	срфтпудщп	en	en	en
valid	en	channel	channel	unsure	unsure	unsure
wrong	en	channel	срфттуд	en	en	en
valid	en	chapter	chapter	unsure	unsure	unsure
wrong	en	chapter	срфзеук	en	en	en
valid	en	char	char	unsure	unsure	unsure
wrong	en	char	срфк	en	en	en
valid	en	chatgpt	chatgpt	unsure	unsure	unsure
wrong	en	chatgpt	срфепзе	unsure	unsure	unsure
valid	en	china	china	unsure	unsure	unsure
wrong	en	china	срштф	en	en	en
valid	en	chmod	chmod	unsure	unsure	unsure
wrong	en	chmod	срьщв	unsure	unsure	unsure
valid	en	chown	chown	unsure	unsure	unsure
wrong	en	chown	срщцт	en	en	en
valid	en	chrome	chrome	unsure	unsure	unsure
wrong	en	chrome	сркщьу	en	en	en
valid	en	clang	clang	unsure	unsure	unsure
wrong	en	clang	сдфтп	en	en	en
valid	en	class	class	unsure	unsure	unsure
wrong	en	class	сдфыы	en	en	en
valid	en	claude	claude	unsure	unsure	unsure
wrong	en	claude	сдфгву	unsure	unsure	unsure
valid	en	cnn	cnn	unsure	unsure	unsure
wrong	en	cnn	стт	unsure	unsure	unsure
valid	en	code	code	unsure	unsure	unsure
wrong	en	code	сщву	en	en	en
valid	en	codex	codex	unsure	unsure	unsure
wrong	en	codex	сщвуч	unsure	unsure	unsure
valid	en	cold	cold	unsure	unsure	unsure
wrong	en	cold	сщдв	unsure	unsure	unsure
valid	en	come	come	unsure	unsure	unsure
wrong	en	come	сщьу	en	en	en
valid	en	config	config	unsure	unsure	unsure
wrong	en	config	сщташп	unsure	unsure	unsure
valid	en	const	const	unsure	unsure	unsure
wrong	en	const	сщтые	unsure	unsure	unsure
valid	en	continue	continue	unsure	unsure	unsure
wrong	en	continue	сщтештгу	en	en	en
valid	en	cool	cool	unsure	unsure	unsure
wrong	en	cool	сщщд	en	en	en
valid	en	count	count	unsure	unsure	unsure
wrong	en	count	сщгте	unsure	unsure	unsure
valid	en	cp	cp	unsure	unsure	unsure
wrong	en	cp	сз	unsure	unsure	unsure
valid	en	cpu	cpu	unsure	unsure	unsure
wrong	en	cpu	сзг	unsure	unsure	unsure
valid	en	crm	crm	unsure	unsure	unsure
wrong	en	crm	скь	unsure	unsure	unsure
valid	en	css	css	unsure	unsure	unsure
wrong	en	css	сыы	unsure	unsure	unsure
valid	en	csv	csv	unsure	unsure	unsure
wrong	en	csv	сым	unsure	unsure	unsure
valid	en	curl	curl	unsure	unsure	unsure
wrong	en	curl	сгкд	unsure	unsure	unsure
valid	en	cut	cut	unsure	unsure	unsure
wrong	en	cut	сге	en	en	en
valid	en	cv	cv	unsure	unsure	unsure
wrong	en	cv	см	unsure	unsure	unsure
valid	en	dad	dad	unsure	unsure	unsure
wrong	en	dad	вфв	en	en	en
valid	en	data	data	unsure	unsure	unsure
wrong	en	data	вфеф	en	en	en
valid	en	datadog	datadog	unsure	unsure	unsure
wrong	en	datadog	вфефвщп	en	en	en
valid	en	date	date	unsure	unsure	unsure
wrong	en	date	вфеу	en	en	en
valid	en	day	day	unsure	unsure	unsure
wrong	en	day	вфн	en	en	en
valid	en	db	db	unsure	unsure	unsure
wrong	en	db	ви	unsure	unsure	unsure
valid	en	de	de	unsure	unsure	unsure
wrong	en	de	ву	unsure	unsure	unsure
valid	en	debian	debian	unsure	unsure	unsure
wrong	en	debian	вуишфт	unsure	unsure	unsure
valid	en	debug	debug	unsure	unsure	unsure
wrong	en	debug	вуигп	en	en	en
valid	en	deepseek	deepseek	unsure	unsure	unsure
wrong	en	deepseek	вуузыуул	en	en	en
valid	en	def	def	unsure	unsure	unsure
wrong	en	def	вуа	unsure	unsure	unsure
valid	en	default	default	unsure	unsure	unsure
wrong	en	default	вуафгде	unsure	unsure	unsure
valid	en	defer	defer	unsure	unsure	unsure
wrong	en	defer	вуаук	unsure	unsure	unsure
valid	en	deinit	deinit	unsure	unsure	unsure
wrong	en	deinit	вуштше	en	en	en
valid	en	delete	delete	unsure	unsure	unsure
wrong	en	delete	вудуеу	en	en	en
valid	en	dev	dev	unsure	unsure	unsure
wrong	en	dev	вум	en	en	en
valid	en	df	df	unsure	unsure	unsure
wrong	en	df	ва	unsure	unsure	unsure
valid	en	did	did	unsure	unsure	unsure
wrong	en	did	вшв	en	en	en
valid	en	die	die	unsure	unsure	unsure
wrong	en	die	вшу	en	en	en
valid	en	diff	diff	unsure	unsure	unsure
wrong	en	diff	вшаа	unsure	unsure	unsure
valid	en	different	different	unsure	unsure	unsure
wrong	en	different	вшааукуте	unsure	unsure	unsure
valid	en	dir	dir	unsure	unsure	unsure
wrong	en	dir	вшк	unsure	unsure	unsure
valid	en	discord	discord	unsure	unsure	unsure
wrong	en	discord	вшысщкв	en	en	en
valid	en	disk	disk	unsure	unsure	unsure
wrong	en	disk	вшыл	en	en	en
valid	en	dj	dj	unsure	ru	unsure
wrong	en	dj	во	unsure	unsure	en
valid	en	dm	dm	unsure	unsure	unsure
wrong	en	dm	вь	unsure	unsure	unsure
valid	en	dns	dns	unsure	unsure	unsure
wrong	en	dns	вты	unsure	unsure	unsure
valid	en	do	do	unsure	unsure	unsure
wrong	en	do	вщ	en	en	en
valid	en	doc	doc	unsure	unsure	unsure
wrong	en	doc	вщс	unsure	unsure	unsure
valid	en	docker	docker	unsure	unsure	unsure
wrong	en	docker	вщслук	unsure	unsure	unsure
valid	en	docs	docs	unsure	unsure	unsure
wrong	en	docs	вщсы	unsure	unsure	unsure
valid	en	does	does	unsure	unsure	unsure
wrong	en	does	вщуы	en	en	en
valid	en	dog	dog	unsure	unsure	unsure
wrong	en	dog	вщп	en	en	en
valid	en	done	done	unsure	unsure	unsure
wrong	en	done	вщту	en	en	en
valid	en	double	double	unsure	unsure	unsure
wrong	en	double	вщгиду	unsure	unsure	unsure
valid	en	down	down	unsure	unsure	unsure
wrong	en	down	вщцт	en	en	en
valid	en	dr	dr	unsure	unsure	unsure
wrong	en	dr	вк	unsure	unsure	unsure
valid	en	drive	drive	unsure	unsure	unsure
wrong	en	drive	вкшму	en	en	en
valid	en	dropbox	dropbox	unsure	unsure	unsure
wrong	en	dropbox	вкщзищч	en	en	en
valid	en	dry	dry	unsure	unsure	unsure
wrong	en	dry	вкн	en	en	en
valid	en	du	du	unsure	unsure	unsure
wrong	en	du	вг	unsure	unsure	unsure
valid	en	duckduckgo	duckduckgo	unsure	unsure	unsure
wrong	en	duckduckgo	вгслвгслпщ	unsure	unsure	unsure
valid	en	due	due	unsure	unsure	unsure
wrong	en	due	вгу	en	en	en
valid	en	during	during	unsure	unsure	unsure
wrong	en	during	вгкштп	en	en	en
valid	en	each	each	unsure	unsure	unsure
wrong	en	each	уфср	en	en	en
valid	en	ear	ear	unsure	unsure	unsure
wrong	en	ear	уфк	en	en	en
valid	en	east	east	unsure	unsure	unsure
wrong	en	east	уфые	en	en	en
valid	en	eat	eat	unsure	unsure	unsure
wrong	en	eat	уфе	en	en	en
valid	en	ebay	ebay	unsure	unsure	unsure
wrong	en	ebay	уифн	unsure	unsure	unsure
valid	en	echo	echo	unsure	unsure	unsure
wrong	en	echo	усрщ	en	en	en
valid	en	edge	edge	unsure	unsure	unsure
wrong	en	edge	увпу	en	en	en
valid	en	egg	egg	unsure	unsure	unsure
wrong	en	egg	упп	en	en	en
valid	en	egypt	egypt	unsure	unsure	unsure
wrong	en	egypt	упнзе	unsure	unsure	unsure
valid	en	eh	eh	unsure	unsure	unsure
wrong	en	eh	ур	unsure	unsure	unsure
valid	en	eight	eight	unsure	unsure	unsure
wrong	en	eight	ушпре	unsure	unsure	unsure
valid	en	either	either	unsure	unsure	unsure
wrong	en	either	ушерук	en	en	en
valid	en	else	else	unsure	unsure	unsure
wrong	en	else	удыу	en	en	en
valid	en	emacs	emacs	unsure	unsure	unsure
wrong	en	emacs	уьфсы	en	en	en
valid	en	en	en	unsure	unsure	unsure
wrong	en	en	ут	unsure	unsure	unsure
valid	en	end	end	unsure	unsure	unsure
wrong	en	end	утв	en	en	en
valid	en	enough	enough	unsure	unsure	unsure
wrong	en	enough	утщгпр	en	en	en
valid	en	enum	enum	unsure	unsure	unsure
wrong	en	enum	утгь	en	en	en
valid	en	env	env	unsure	unsure	unsure
wrong	en	env	утм	unsure	unsure	unsure
valid	en	epic	epic	unsure	unsure	unsure
wrong	en	epic	узшс	unsure	unsure	unsure
valid	en	erp	erp	unsure	unsure	unsure
wrong	en	erp	укз	unsure	unsure	unsure
valid	en	error	error	unsure	unsure	unsure
wrong	en	error	уккщк	en	en	en
valid	en	es	es	unsure	unsure	unsure
wrong	en	es	уы	unsure	unsure	unsure
valid	en	eta	eta	unsure	unsure	unsure
wrong	en	eta	уеф	en	en	en
valid	en	etc	etc	unsure	unsure	unsure
wrong	en	etc	уес	unsure	unsure	unsure
valid	en	eu	eu	unsure	unsure	unsure
wrong	en	eu	уг	unsure	unsure	unsure
valid	en	ev	ev	unsure	unsure	unsure
wrong	en	ev	ум	unsure	unsure	unsure
valid	en	even	even	unsure	unsure	unsure
wrong	en	even	умут	en	en	en
valid	en	ever	ever	unsure	unsure	unsure
wrong	en	ever	умук	unsure	unsure	unsure
valid	en	every	every	unsure	unsure	unsure
wrong	en	every	умукн	unsure	unsure	unsure
valid	en	everyone	everyone	unsure	unsure	unsure
wrong	en	everyone	умукнщту	en	en	en
valid	en	everything	everything	unsure	unsure	unsure
wrong	en	everything	умукнерштп	en	en	en
valid	en	ex	ex	unsure	unsure	unsure
wrong	en	ex	уч	en	en	en
valid	en	exec	exec	unsure	unsure	unsure
wrong	en	exec	учус	unsure	unsure	unsure
valid	en	exit	exit	unsure	unsure	unsure
wrong	en	exit	учше	unsure	unsure	unsure
valid	en	export	export	unsure	unsure	unsure
wrong	en	export	учзщке	unsure	unsure	unsure
valid	en	extension	extension	unsure	unsure	unsure
wrong	en	extension	учеутышщт	unsure	unsure	unsure
valid	en	eye	eye	unsure	unsure	unsure
wrong	en	eye	уну	en	en	en
valid	en	ez	ez	unsure	unsure	unsure
wrong	en	ez	уя	unsure	unsure	unsure
valid	en	false	false	unsure	unsure	unsure
wrong	en	false	афдыу	en	en	en
valid	en	fan	fan	unsure	unsure	unsure
wrong	en	fan	афт	en	en	en
valid	en	faq	faq	unsure	unsure	unsure
wrong	en	faq	афй	unsure	unsure	unsure
valid	en	far	far	unsure	unsure	unsure
wrong	en	far	афк	en	en	en
valid	en	fast	fast	unsure	unsure	unsure
wrong	en	fast	афые	en	en	en
valid	en	fat	fat	unsure	unsure	unsure
wrong	en	fat	афе	en	en	en
valid	en	fatal	fatal	unsure	unsure	unsure
wrong	en	fatal	афефд	en	en	en
valid	en	fd	fd	unsure	unsure	unsure
wrong	en	fd	ав	unsure	unsure	unsure
valid	en	fedora	fedora	unsure	unsure	unsure
wrong	en	fedora	аувщкф	en	en	en
valid	en	fetch	fetch	unsure	unsure	unsure
wrong	en	fetch	ауеср	unsure	unsure	unsure
valid	en	few	few	unsure	unsure	unsure
wrong	en	few	ауц	en	en	en
valid	en	ffmpeg	ffmpeg	unsure	unsure	unsure
wrong	en	ffmpeg	ааьзуп	unsure	unsure	unsure
valid	en	figma	figma	unsure	unsure	unsure
wrong	en	figma	ашпьф	en	en	en
valid	en	file	file	unsure	unsure	unsure
wrong	en	file	ашду	en	en	en
valid	en	filter	filter	unsure	unsure	unsure
wrong	en	filter	ашдеук	unsure	unsure	unsure
valid	en	find	find	unsure	unsure	unsure
wrong	en	find	аштв	en	en	en
valid	en	fine	fine	unsure	unsure	unsure
wrong	en	fine	ашту	en	en	en
valid	en	firefox	firefox	unsure	unsure	unsure
wrong	en	firefox	ашкуащч	en	en	en
valid	en	fish	fish	unsure	unsure	unsure
wrong	en	fish	ашыр	en	en	en
valid	en	five	five	unsure	unsure	unsure
wrong	en	five	ашму	en	en	en
valid	en	fix	fix	unsure	unsure	unsure
wrong	en	fix	ашч	en	en	en
valid	en	fixme	fixme	unsure	unsure	unsure
wrong	en	fixme	ашчьу	en	en	en
valid	en	flatmap	flatmap	unsure	unsure	unsure
wrong	en	flatmap	адфеьфз	unsure	unsure	unsure
valid	en	float	float	unsure	unsure	unsure
wrong	en	float	адщфе	en	en	en
valid	en	fly	fly	unsure	unsure	unsure
wrong	en	fly	адн	en	en	en
valid	en	folder	folder	unsure	unsure	unsure
wrong	en	folder	ащдвук	en	en	en
valid	en	for	for	unsure	unsure	unsure
wrong	en	for	ащк	en	en	en
valid	en	four	four	unsure	unsure	unsure
wrong	en	four	ащгк	en	en	en
valid	en	fr	fr	unsure	unsure	unsure
wrong	en	fr	ак	unsure	unsure	unsure
valid	en	france	france	unsure	unsure	unsure
wrong	en	france	акфтсу	en	en	en
valid	en	freebsd	freebsd	unsure	unsure	unsure
wrong	en	freebsd	акууиыв	unsure	unsure	unsure
valid	en	from	from	unsure	unsure	unsure
wrong	en	from	акщь	en	en	en
valid	en	fsck	fsck	unsure	unsure	unsure
wrong	en	fsck	аысл	unsure	unsure	unsure
valid	en	ftp	ftp	unsure	unsure	unsure
wrong	en	ftp	аез	unsure	unsure	unsure
valid	en	fun	fun	unsure	unsure	unsure
wrong	en	fun	агт	en	en	en
valid	en	func	func	unsure	unsure	unsure
wrong	en	func	агтс	en	en	en
valid	en	function	function	unsure	unsure	unsure
wrong	en	function	агтсешщт	unsure	unsure	unsure
valid	en	fyi	fyi	unsure	unsure	unsure
wrong	en	fyi	анш	unsure	unsure	unsure
valid	en	fzf	fzf	unsure	unsure	unsure
wrong	en	fzf	аяа	unsure	unsure	unsure
valid	en	game	game	unsure	unsure	unsure
wrong	en	game	пфьу	en	en	en
valid	en	gas	gas	unsure	unsure	unsure
wrong	en	gas	пфы	en	en	en
valid	en	gcc	gcc	unsure	unsure	unsure
wrong	en	gcc	псс	unsure	unsure	unsure
valid	en	gcp	gcp	unsure	unsure	unsure
wrong	en	gcp	псз	unsure	unsure	unsure
valid	en	gdrive	gdrive	unsure	unsure	unsure
wrong	en	gdrive	пвкшму	en	en	en
valid	en	gemini	gemini	unsure	unsure	unsure
wrong	en	gemini	пуьштш	unsure	unsure	unsure
valid	en	georgia	georgia	unsure	unsure	unsure
wrong	en	georgia	пущкпшф	en	en	en
valid	en	gerrit	gerrit	unsure	unsure	unsure
wrong	en	gerrit	пуккше	unsure	unsure	unsure
valid	en	get	get	unsure	unsure	unsure
wrong	en	get	пуе	en	en	en
valid	en	gg	gg	unsure	unsure	unsure
wrong	en	gg	пп	unsure	unsure	unsure
valid	en	gif	gif	unsure	unsure	unsure
wrong	en	gif	пша	unsure	unsure	unsure
valid	en	git	git	unsure	unsure	unsure
wrong	en	git	пше	en	en	en
valid	en	gitea	gitea	unsure	unsure	unsure
wrong	en	gitea	пшеуф	en	en	en
valid	en	github	github	unsure	unsure	unsure
wrong	en	github	пшерги	unsure	unsure	unsure
valid	en	gitlab	gitlab	unsure	unsure	unsure
wrong	en	gitlab	пшедфи	unsure	unsure	unsure
valid	en	give	give	unsure	unsure	unsure
wrong	en	give	пшму	en	en	en
valid	en	gm	gm	unsure	unsure	unsure
wrong	en	gm	пь	unsure	unsure	unsure
valid	en	gn	gn	unsure	unsure	unsure
wrong	en	gn	пт	unsure	unsure	unsure
valid	en	gnu	gnu	unsure	unsure	unsure
wrong	en	gnu	птг	unsure	unsure	unsure
valid	en	go	go	unsure	unsure	unsure
wrong	en	go	пщ	en	en	en
valid	en	god	god	unsure	unsure	unsure
wrong	en	god	пщв	en	en	en
valid	en	golang	golang	unsure	unsure	unsure
wrong	en	golang	пщдфтп	en	en	en
valid	en	good	good	unsure	unsure	unsure
wrong	en	good	пщщв	en	en	en
valid	en	goodbye	goodbye	unsure	unsure	unsure
wrong	en	goodbye	пщщвину	unsure	unsure	unsure
valid	en	google	google	unsure	unsure	unsure
wrong	en	google	пщщпду	unsure	unsure	unsure
valid	en	got	got	unsure	unsure	unsure
wrong	en	got	пще	en	en	en
valid	en	gpl	gpl	unsure	unsure	unsure
wrong	en	gpl	пзд	unsure	unsure	unsure
valid	en	gpu	gpu	unsure	unsure	unsure
wrong	en	gpu	пзг	unsure	unsure	unsure
valid	en	grade	grade	unsure	unsure	unsure
wrong	en	grade	пкфву	en	en	en
valid	en	grafana	grafana	unsure	unsure	unsure
wrong	en	grafana	пкфафтф	en	en	en
valid	en	great	great	unsure	unsure	unsure
wrong	en	great	пкуфе	en	en	en
valid	en	grok	grok	unsure	unsure	unsure
wrong	en	grok	пкщл	en	en	en
valid	en	guard	guard	unsure	unsure	unsure
wrong	en	guard	пгфкв	unsure	unsure	unsure
valid	en	gun	gun	unsure	unsure	unsure
wrong	en	gun	пгт	en	en	en
valid	en	guy	guy	unsure	unsure	unsure
wrong	en	guy	пгн	en	en	en
valid	en	gzip	gzip	unsure	unsure	unsure
wrong	en	gzip	пяшз	unsure	unsure	unsure
valid	en	ha	ha	unsure	unsure	unsure
wrong	en	ha	рф	unsure	unsure	unsure
valid	en	hack	hack	unsure	unsure	unsure
wrong	en	hack	рфсл	en	en	en
valid	en	had	had	unsure	unsure	unsure
wrong	en	had	рфв	en	en	en
valid	en	halt	halt	unsure	unsure	unsure
wrong	en	halt	рфде	unsure	unsure	unsure
valid	en	hand	hand	unsure	unsure	unsure
wrong	en	hand	рфтв	en	en	en
valid	en	hard	hard	unsure	unsure	unsure
wrong	en	hard	рфкв	en	en	en
valid	en	has	has	unsure	unsure	unsure
wrong	en	has	рфы	en	en	en
valid	en	hat	hat	unsure	unsure	unsure
wrong	en	hat	рфе	en	en	en
valid	en	have	have	unsure	unsure	unsure
wrong	en	have	рфму	en	en	en
valid	en	hbo	hbo	unsure	unsure	unsure
wrong	en	hbo	рищ	unsure	unsure	unsure
valid	en	hdd	hdd	unsure	unsure	unsure
wrong	en	hdd	рвв	unsure	unsure	unsure
valid	en	he	he	unsure	unsure	unsure
wrong	en	he	ру	en	en	en
valid	en	head	head	unsure	unsure	unsure
wrong	en	head	руфв	en	en	en
valid	en	hello	hello	unsure	unsure	unsure
wrong	en	hello	руддщ	en	en	en
valid	en	helm	helm	unsure	unsure	unsure
wrong	en	helm	рудь	unsure	unsure	unsure
valid	en	help	help	unsure	unsure	unsure
wrong	en	help	рудз	en	en	en
valid	en	her	her	unsure	ru	unsure
wrong	en	her	рук	unsure	unsure	en
valid	en	herb	herb	unsure	unsure	unsure
wrong	en	herb	руки	unsure	unsure	unsure
valid	en	here	here	unsure	ru	unsure
wrong	en	here	руку	unsure	unsure	en
valid	en	hg	hg	unsure	unsure	unsure
wrong	en	hg	рп	unsure	unsure	unsure
valid	en	hi	hi	unsure	unsure	unsure
wrong	en	hi	рш	en	en	en
valid	en	high	high	unsure	unsure	unsure
wrong	en	high	ршпр	en	en	en
valid	en	him	him	unsure	unsure	unsure
wrong	en	him	ршь	en	en	en
valid	en	his	his	unsure	unsure	unsure
wrong	en	his	ршы	en	en	en
valid	en	hit	hit	unsure	unsure	unsure
wrong	en	hit	рше	en	en	en
valid	en	hm	hm	unsure	unsure	unsure
wrong	en	hm	рь	unsure	unsure	unsure
valid	en	hmm	hmm	unsure	unsure	unsure
wrong	en	hmm	рьь	unsure	unsure	unsure
valid	en	home	home	unsure	unsure	unsure
wrong	en	home	рщьу	en	en	en
valid	en	hot	hot	unsure	unsure	unsure
wrong	en	hot	рще	en	en	en
valid	en	hour	hour	unsure	unsure	unsure
wrong	en	hour	рщгк	en	en	en
valid	en	how	how	unsure	unsure	unsure
wrong	en	how	рщц	en	en	en
valid	en	hp	hp	unsure	unsure	unsure
wrong	en	hp	рз	unsure	unsure	unsure
valid	en	hr	hr	unsure	unsure	unsure
wrong	en	hr	рк	unsure	unsure	unsure
valid	en	html	html	unsure	unsure	unsure
wrong	en	html	реьд	unsure	unsure	unsure
valid	en	huh	huh	unsure	unsure	unsure
wrong	en	huh	ргр	unsure	unsure	unsure
valid	en	hundred	hundred	unsure	unsure	unsure
wrong	en	hundred	ргтвкув	en	en	en
valid	en	i	i	unsure	unsure	unsure
wrong	en	i	ш	unsure	unsure	en
valid	en	ibm	ibm	unsure	unsure	unsure
wrong	en	ibm	шиь	unsure	unsure	unsure
valid	en	ice	ice	unsure	unsure	unsure
wrong	en	ice	шсу	en	en	en
valid	en	icloud	icloud	unsure	unsure	unsure
wrong	en	icloud	шсдщгв	en	en	en
valid	en	id	id	unsure	unsure	unsure
wrong	en	id	шв	en	en	en
valid	en	idk	idk	unsure	unsure	unsure
wrong	en	idk	швл	en	en	en
valid	en	if	if	unsure	unsure	unsure
wrong	en	if	ша	en	en	en
valid	en	ill	ill	unsure	unsure	unsure
wrong	en	ill	шдд	en	en	en
valid	en	illustrator	illustrator	unsure	unsure	unsure
wrong	en	illustrator	шддгыекфещк	en	en	en
valid	en	imho	imho	unsure	unsure	unsure
wrong	en	imho	шьрщ	en	en	en
valid	en	imo	imo	unsure	unsure	unsure
wrong	en	imo	шьщ	en	en	en
valid	en	import	import	unsure	unsure	unsure
wrong	en	import	шьзщке	en	en	en
valid	en	in	in	unsure	unsure	unsure
wrong	en	in	шт	en	en	en
valid	en	index	index	unsure	unsure	unsure
wrong	en	index	штвуч	en	en	en
valid	en	india	india	unsure	unsure	unsure
wrong	en	india	штвшф	en	en	en
valid	en	inf	inf	unsure	unsure	unsure
wrong	en	inf	шта	unsure	unsure	unsure
valid	en	info	info	unsure	unsure	unsure
wrong	en	info	штащ	en	en	en
valid	en	init	init	unsure	unsure	unsure
wrong	en	init	штше	en	en	en
valid	en	int	int	unsure	unsure	unsure
wrong	en	int	ште	en	en	en
valid	en	internal	internal	unsure	unsure	unsure
wrong	en	internal	штеуктфд	en	en	en
valid	en	into	into	unsure	unsure	unsure
wrong	en	into	штещ	en	en	en
valid	en	io	io	unsure	unsure	unsure
wrong	en	io	шщ	unsure	unsure	unsure
valid	en	ios	ios	unsure	unsure	unsure
wrong	en	ios	шщы	en	en	en
valid	en	ip	ip	unsure	unsure	unsure
wrong	en	ip	шз	unsure	unsure	unsure
valid	en	ipados	ipados	unsure	unsure	unsure
wrong	en	ipados	шзфвщы	en	en	en
valid	en	ipsum	ipsum	unsure	unsure	unsure
wrong	en	ipsum	шзыгь	en	en	en
valid	en	iran	iran	unsure	unsure	unsure
wrong	en	iran	шкфт	en	en	en
valid	en	iraq	iraq	unsure	unsure	unsure
wrong	en	iraq	шкфй	unsure	unsure	unsure
valid	en	is	is	unsure	unsure	unsure
wrong	en	is	шы	en	en	en
valid	en	israel	israel	unsure	unsure	unsure
wrong	en	israel	шыкфуд	en	en	en
valid	en	it	it	unsure	unsure	unsure
wrong	en	it	ше	en	en	en
valid	en	items	items	unsure	unsure	unsure
wrong	en	items	шеуьы	en	en	en
valid	en	its	its	unsure	unsure	unsure
wrong	en	its	шеы	en	en	en
valid	en	japan	japan	unsure	unsure	unsure
wrong	en	japan	офзфт	unsure	unsure	unsure
valid	en	java	java	unsure	unsure	unsure
wrong	en	java	офмф	unsure	unsure	unsure
valid	en	jira	jira	unsure	unsure	unsure
wrong	en	jira	ошкф	unsure	unsure	unsure
valid	en	job	job	unsure	unsure	unsure
wrong	en	job	ощи	en	en	en
valid	en	join	join	unsure	unsure	unsure
wrong	en	join	ощшт	unsure	unsure	unsure
valid	en	joy	joy	unsure	unsure	unsure
wrong	en	joy	ощн	en	en	en
valid	en	jpeg	jpeg	unsure	unsure	unsure
wrong	en	jpeg	озуп	unsure	unsure	unsure
valid	en	jpg	jpg	unsure	unsure	unsure
wrong	en	jpg	озп	unsure	unsure	unsure
valid	en	jq	jq	ru	ru	ru
wrong	en	jq	ой	unsure	unsure	unsure
valid	en	jr	jr	ru	ru	ru
wrong	en	jr	ок	unsure	unsure	unsure
valid	en	js	js	unsure	unsure	unsure
wrong	en	js	оы	unsure	unsure	unsure
valid	en	json	json	unsure	unsure	unsure
wrong	en	json	оыщт	unsure	unsure	unsure
valid	en	jsx	jsx	unsure	unsure	unsure
wrong	en	jsx	оыч	unsure	unsure	unsure
valid	en	just	just	unsure	unsure	unsure
wrong	en	just	огые	en	en	en
valid	en	jwt	jwt	unsure	unsure	unsure
wrong	en	jwt	оце	unsure	unsure	unsure
valid	en	k8s	k8s	unsure	unsure	unsure
wrong	en	k8s	л8ы	unsure	unsure	unsure
valid	en	kafka	kafka	unsure	unsure	unsure
wrong	en	kafka	лфалф	unsure	unsure	unsure
valid	en	keep	keep	unsure	unsure	unsure
wrong	en	keep	лууз	en	en	en
valid	en	key	key	unsure	unsure	unsure
wrong	en	key	лун	en	en	en
valid	en	keys	keys	unsure	unsure	unsure
wrong	en	keys	луны	unsure	unsure	unsure
valid	en	kid	kid	unsure	unsure	unsure
wrong	en	kid	лшв	en	en	en
valid	en	kill	kill	unsure	unsure	unsure
wrong	en	kill	лшдд	unsure	unsure	unsure
valid	en	kind	kind	unsure	unsure	unsure
wrong	en	kind	лштв	en	en	en
valid	en	know	know	unsure	unsure	unsure
wrong	en	know	лтщц	en	en	en
valid	en	korea	korea	unsure	unsure	unsure
wrong	en	korea	лщкуф	en	en	en
valid	en	kotlin	kotlin	unsure	unsure	unsure
wrong	en	kotlin	лщедшт	unsure	unsure	unsure
valid	en	kpi	kpi	unsure	unsure	unsure
wrong	en	kpi	лзш	unsure	unsure	unsure
valid	en	kubernetes	kubernetes	unsure	unsure	unsure
wrong	en	kubernetes	лгиуктуеуы	en	en	en
valid	en	kz	kz	unsure	unsure	unsure
wrong	en	kz	ля	unsure	unsure	unsure
valid	en	la	la	unsure	unsure	unsure
wrong	en	la	дф	unsure	unsure	unsure
valid	en	lamoda	lamoda	unsure	unsure	unsure
wrong	en	lamoda	дфьщвф	en	en	en
valid	en	lan	lan	unsure	unsure	unsure
wrong	en	lan	дфт	en	en	en
valid	en	last	last	unsure	unsure	unsure
wrong	en	last	дфые	en	en	en
valid	en	later	later	unsure	unsure	unsure
wrong	en	later	дфеук	en	en	en
valid	en	law	law	unsure	unsure	unsure
wrong	en	law	дфц	en	en	en
valid	en	lay	lay	unsure	unsure	unsure
wrong	en	lay	дфн	en	en	en
valid	en	least	least	unsure	unsure	unsure
wrong	en	least	дуфые	en	en	en
valid	en	left	left	unsure	unsure	unsure
wrong	en	left	дуае	en	en	en
valid	en	leg	leg	unsure	unsure	unsure
wrong	en	leg	дуп	en	en	en
valid	en	len	len	unsure	unsure	unsure
wrong	en	len	дут	unsure	unsure	unsure
valid	en	less	less	unsure	unsure	unsure
wrong	en	less	дуыы	en	en	en
valid	en	let	let	unsure	unsure	unsure
wrong	en	let	дуе	en	en	en
valid	en	lg	lg	unsure	unsure	unsure
wrong	en	lg	дп	unsure	unsure	unsure
valid	en	lgtm	lgtm	unsure	unsure	unsure
wrong	en	lgtm	дпеь	unsure	unsure	unsure
valid	en	lib	lib	unsure	unsure	unsure
wrong	en	lib	дши	unsure	unsure	unsure
valid	en	lic	lic	unsure	unsure	unsure
wrong	en	lic	дшс	unsure	unsure	unsure
valid	en	license	license	unsure	unsure	unsure
wrong	en	license	дшсутыу	en	en	en
valid	en	lie	lie	unsure	unsure	unsure
wrong	en	lie	дшу	en	en	en
valid	en	life	life	unsure	unsure	unsure
wrong	en	life	дшау	en	en	en
valid	en	like	like	unsure	unsure	unsure
wrong	en	like	дшлу	en	en	en
valid	en	linear	linear	unsure	unsure	unsure
wrong	en	linear	дштуфк	en	en	en
valid	en	link	link	unsure	unsure	unsure
wrong	en	link	дштл	en	en	en
valid	en	linux	linux	unsure	unsure	unsure
wrong	en	linux	дштгч	unsure	unsure	unsure
valid	en	lip	lip	unsure	unsure	unsure
wrong	en	lip	дшз	en	en	en
valid	en	list	list	unsure	unsure	unsure
wrong	en	list	дшые	en	en	en
valid	en	little	little	unsure	unsure	unsure
wrong	en	little	дшееду	unsure	unsure	unsure
valid	en	live	live	unsure	unsure	unsure
wrong	en	live	дшму	en	en	en
valid	en	llama	llama	unsure	unsure	unsure
wrong	en	llama	ддфьф	en	en	en
valid	en	llvm	llvm	unsure	unsure	unsure
wrong	en	llvm	ддмь	unsure	unsure	unsure
valid	en	lmao	lmao	unsure	unsure	unsure
wrong	en	lmao	дьфщ	unsure	unsure	unsure
valid	en	ln	ln	unsure	unsure	unsure
wrong	en	ln	дт	unsure	unsure	unsure
valid	en	log	log	unsure	unsure	unsure
wrong	en	log	дщп	en	en	en
valid	en	lol	lol	unsure	unsure	unsure
wrong	en	lol	дщд	en	en	en
valid	en	long	long	unsure	unsure	unsure
wrong	en	long	дщтп	en	en	en
valid	en	look	look	unsure	unsure	unsure
wrong	en	look	дщщл	en	en	en
valid	en	loop	loop	unsure	unsure	unsure
wrong	en	loop	дщщз	en	en	en
valid	en	lorem	lorem	unsure	unsure	unsure
wrong	en	lorem	дщкуь	en	en	en
valid	en	lot	lot	unsure	unsure	unsure
wrong	en	lot	дще	en	en	en
valid	en	love	love	unsure	unsure	unsure
wrong	en	love	дщму	en	en	en
valid	en	low	low	unsure	unsure	unsure
wrong	en	low	дщц	en	en	en
valid	en	ls	ls	unsure	unsure	unsure
wrong	en	ls	ды	unsure	unsure	unsure
valid	en	lsblk	lsblk	unsure	unsure	unsure
wrong	en	lsblk	дыидл	unsure	unsure	unsure
valid	en	lsof	lsof	unsure	unsure	unsure
wrong	en	lsof	дыща	en	en	en
valid	en	mac	mac	unsure	unsure	unsure
wrong	en	mac	ьфс	en	en	en
valid	en	macos	macos	unsure	unsure	unsure
wrong	en	macos	ьфсщы	en	en	en
valid	en	made	made	unsure	unsure	unsure
wrong	en	made	ьфву	en	en	en
valid	en	mail	mail	unsure	unsure	unsure
wrong	en	mail	ьфшд	en	en	en
valid	en	make	make	unsure	unsure	unsure
wrong	en	make	ьфлу	en	en	en
valid	en	man	man	unsure	unsure	unsure
wrong	en	man	ьфт	en	en	en
valid	en	many	many	unsure	unsure	unsure
wrong	en	many	ьфтн	en	en	en
valid	en	map	map	unsure	unsure	unsure
wrong	en	map	ьфз	en	en	en
valid	en	max	max	unsure	unsure	unsure
wrong	en	max	ьфч	en	en	en
valid	en	may	may	unsure	unsure	unsure
wrong	en	may	ьфн	en	en	en
valid	en	maybe	maybe	unsure	unsure	unsure
wrong	en	maybe	ьфниу	en	en	en
valid	en	md	md	unsure	unsure	unsure
wrong	en	md	ьв	unsure	unsure	unsure
valid	en	me	me	unsure	unsure	unsure
wrong	en	me	ьу	en	en	en
valid	en	mean	mean	unsure	unsure	unsure
wrong	en	mean	ьуфт	en	en	en
valid	en	megafon	megafon	unsure	unsure	unsure
wrong	en	megafon	ьупфащт	en	en	en
valid	en	men	men	unsure	unsure	unsure
wrong	en	men	ьут	en	en	en
valid	en	microsoft	microsoft	unsure	unsure	unsure
wrong	en	microsoft	ьшскщыщае	en	en	en
valid	en	million	million	unsure	unsure	unsure
wrong	en	million	ьшддшщт	en	en	en
valid	en	min	min	unsure	unsure	unsure
wrong	en	min	ьшт	en	en	en
valid	en	mistral	mistral	unsure	unsure	unsure
wrong	en	mistral	ьшыекфд	en	en	en
valid	en	mit	mit	unsure	unsure	unsure
wrong	en	mit	ьше	en	en	en
valid	en	mix	mix	unsure	unsure	unsure
wrong	en	mix	ьшч	en	en	en
valid	en	mkdir	mkdir	unsure	unsure	unsure
wrong	en	mkdir	ьлвшк	en	en	en
valid	en	ml	ml	unsure	unsure	unsure
wrong	en	ml	ьд	unsure	unsure	unsure
valid	en	model	model	unsure	unsure	unsure
wrong	en	model	ьщвуд	en	en	en
valid	en	mom	mom	unsure	unsure	unsure
wrong	en	mom	ьщь	en	en	en
valid	en	monday	monday	unsure	unsure	unsure
wrong	en	monday	ьщтвфн	en	en	en
valid	en	mongo	mongo	unsure	unsure	unsure
wrong	en	mongo	ьщтпщ	en	en	en
valid	en	more	more	unsure	unsure	unsure
wrong	en	more	ьщку	en	en	en
valid	en	most	most	unsure	unsure	unsure
wrong	en	most	ьщые	en	en	en
valid	en	mount	mount	unsure	unsure	unsure
wrong	en	mount	ьщгте	en	en	en
valid	en	mr	mr	unsure	unsure	unsure
wrong	en	mr	ьк	unsure	unsure	unsure
valid	en	ms	ms	unsure	unsure	unsure
wrong	en	ms	ьы	unsure	unsure	unsure
valid	en	mts	mts	unsure	unsure	unsure
wrong	en	mts	ьеы	en	en	en
valid	en	much	much	unsure	unsure	unsure
wrong	en	much	ьгср	en	en	en
valid	en	must	must	unsure	unsure	unsure
wrong	en	must	ьгые	en	en	en
valid	en	mv	mv	unsure	unsure	unsure
wrong	en	mv	ьм	unsure	unsure	unsure
valid	en	my	my	unsure	unsure	unsure
wrong	en	my	ьн	en	en	en
valid	en	mysql	mysql	unsure	unsure	unsure
wrong	en	mysql	ьныйд	en	en	en
valid	en	nack	nack	unsure	unsure	unsure
wrong	en	nack	тфсл	unsure	unsure	unsure
valid	en	name	name	unsure	unsure	unsure
wrong	en	name	тфьу	en	en	en
valid	en	nan	nan	unsure	unsure	unsure
wrong	en	nan	тфт	en	en	en
valid	en	nano	nano	unsure	unsure	unsure
wrong	en	nano	тфтщ	en	en	en
valid	en	nc	nc	unsure	unsure	unsure
wrong	en	nc	тс	unsure	unsure	unsure
valid	en	near	near	unsure	unsure	unsure
wrong	en	near	туфк	en	en	en
valid	en	need	need	unsure	unsure	unsure
wrong	en	need	туув	en	en	en
valid	en	neither	neither	unsure	unsure	unsure
wrong	en	neither	тушерук	unsure	unsure	unsure
valid	en	net	net	unsure	unsure	unsure
wrong	en	net	туе	en	en	en
valid	en	netflix	netflix	unsure	unsure	unsure
wrong	en	netflix	туеадшч	unsure	unsure	unsure
valid	en	netstat	netstat	unsure	unsure	unsure
wrong	en	netstat	туеыефе	en	en	en
valid	en	never	never	unsure	unsure	unsure
wrong	en	never	тумук	unsure	unsure	unsure
valid	en	new	new	unsure	unsure	unsure
wrong	en	new	туц	en	en	en
valid	en	next	next	unsure	unsure	unsure
wrong	en	next	туче	en	en	en
valid	en	nginx	nginx	unsure	unsure	unsure
wrong	en	nginx	тпштч	unsure	unsure	unsure
valid	en	nice	nice	unsure	unsure	unsure
wrong	en	nice	тшсу	en	en	en
valid	en	nil	nil	unsure	unsure	unsure
wrong	en	nil	тшд	unsure	unsure	unsure
valid	en	nine	nine	unsure	unsure	unsure
wrong	en	nine	тшту	en	en	en
valid	en	nix	nix	unsure	unsure	unsure
wrong	en	nix	тшч	unsure	unsure	unsure
valid	en	nl	nl	unsure	unsure	unsure
wrong	en	nl	тд	unsure	unsure	unsure
valid	en	no	no	unsure	unsure	unsure
wrong	en	no	тщ	en	en	en
valid	en	nobody	nobody	unsure	unsure	unsure
wrong	en	nobody	тщищвн	unsure	unsure	unsure
valid	en	none	none	unsure	unsure	unsure
wrong	en	none	тщту	en	en	en
valid	en	nor	nor	unsure	unsure	unsure
wrong	en	nor	тщк	en	en	en
valid	en	north	north	unsure	unsure	unsure
wrong	en	north	тщкер	en	en	en
valid	en	not	not	unsure	unsure	unsure
wrong	en	not	тще	en	en	en
valid	en	nothing	nothing	unsure	unsure	unsure
wrong	en	nothing	тщерштп	en	en	en
valid	en	notion	notion	unsure	unsure	unsure
wrong	en	notion	тщешщт	unsure	unsure	unsure
valid	en	now	now	unsure	unsure	unsure
wrong	en	now	тщц	en	en	en
valid	en	np	np	unsure	unsure	unsure
wrong	en	np	тз	unsure	unsure	unsure
valid	en	npm	npm	unsure	unsure	unsure
wrong	en	npm	тзь	unsure	unsure	unsure
valid	en	npx	npx	unsure	unsure	unsure
wrong	en	npx	тзч	unsure	unsure	unsure
valid	en	ns	ns	ru	ru	ru
wrong	en	ns	ты	unsure	unsure	unsure
valid	en	null	null	unsure	unsure	unsure
wrong	en	null	тгдд	en	en	en
valid	en	ny	ny	unsure	unsure	unsure
wrong	en	ny	тн	unsure	unsure	unsure
valid	en	odd	odd	unsure	unsure	unsure
wrong	en	odd	щвв	en	en	en
valid	en	of	of	unsure	ru	unsure
wrong	en	of	ща	unsure	unsure	en
valid	en	ofc	ofc	unsure	ru	unsure
wrong	en	ofc	щас	unsure	unsure	en
valid	en	off	off	unsure	unsure	unsure
wrong	en	off	щаа	en	en	en
valid	en	often	often	unsure	unsure	unsure
wrong	en	often	щаеут	en	en	en
valid	en	oh	oh	unsure	unsure	unsure
wrong	en	oh	щр	en	en	en
valid	en	ok	ok	unsure	unsure	unsure
wrong	en	ok	щл	en	en	en
valid	en	okay	okay	unsure	unsure	unsure
wrong	en	okay	щлфн	en	en	en
valid	en	okr	okr	unsure	unsure	unsure
wrong	en	okr	щлк	en	en	en
valid	en	old	old	unsure	unsure	unsure
wrong	en	old	щдв	en	en	en
valid	en	ollama	ollama	unsure	unsure	unsure
wrong	en	ollama	щддфьф	en	en	en
valid	en	omg	omg	unsure	unsure	unsure
wrong	en	omg	щьп	en	en	en
valid	en	on	on	unsure	unsure	unsure
wrong	en	on	щт	en	en	en
valid	en	once	once	unsure	unsure	unsure
wrong	en	once	щтсу	en	en	en
valid	en	one	one	unsure	unsure	unsure
wrong	en	one	щту	en	en	en
valid	en	onedrive	onedrive	unsure	unsure	unsure
wrong	en	onedrive	щтувкшму	en	en	en
valid	en	only	only	unsure	unsure	unsure
wrong	en	only	щтдн	en	en	en
valid	en	open	open	unsure	unsure	unsure
wrong	en	open	щзут	en	en	en
valid	en	openai	openai	unsure	unsure	unsure
wrong	en	openai	щзутфш	en	en	en
valid	en	opera	opera	unsure	unsure	unsure
wrong	en	opera	щзукф	en	en	en
valid	en	opt	opt	unsure	unsure	unsure
wrong	en	opt	щзе	en	en	en
valid	en	option	option	unsure	unsure	unsure
wrong	en	option	щзешщт	en	en	en
valid	en	optional	optional	unsure	unsure	unsure
wrong	en	optional	щзешщтфд	en	en	en
valid	en	or	or	unsure	unsure	unsure
wrong	en	or	щк	en	en	en
valid	en	origin	origin	unsure	unsure	unsure
wrong	en	origin	щкшпшт	en	en	en
valid	en	os	os	unsure	unsure	unsure
wrong	en	os	щы	unsure	unsure	unsure
valid	en	other	other	unsure	unsure	unsure
wrong	en	other	щерук	en	en	en
valid	en	our	our	unsure	unsure	unsure
wrong	en	our	щгк	en	en	en
valid	en	out	out	unsure	unsure	unsure
wrong	en	out	щге	en	en	en
valid	en	over	over	unsure	unsure	unsure
wrong	en	over	щмук	en	en	en
valid	en	override	override	unsure	unsure	unsure
wrong	en	override	щмуккшву	en	en	en
valid	en	own	own	unsure	unsure	unsure
wrong	en	own	щцт	en	en	en
valid	en	ozon	ozon	unsure	unsure	unsure
wrong	en	ozon	щящт	en	en	en
valid	en	page	page	unsure	unsure	unsure
wrong	en	page	зфпу	en	en	en
valid	en	pan	pan	unsure	unsure	unsure
wrong	en	pan	зфт	en	en	en
valid	en	panic	panic	unsure	unsure	unsure
wrong	en	panic	зфтшс	unsure	unsure	unsure
valid	en	part	part	unsure	unsure	unsure
wrong	en	part	зфке	en	en	en
valid	en	patch	patch	unsure	unsure	unsure
wrong	en	patch	зфеср	unsure	unsure	unsure
valid	en	path	path	unsure	unsure	unsure
wrong	en	path	зфер	en	en	en
valid	en	pay	pay	unsure	unsure	unsure
wrong	en	pay	зфн	en	en	en
valid	en	pc	pc	unsure	unsure	unsure
wrong	en	pc	зс	unsure	unsure	unsure
valid	en	pdf	pdf	unsure	unsure	unsure
wrong	en	pdf	зва	unsure	unsure	unsure
valid	en	pen	pen	unsure	unsure	unsure
wrong	en	pen	зут	en	en	en
valid	en	per	per	unsure	unsure	unsure
wrong	en	per	зук	en	en	en
valid	en	perl	perl	unsure	unsure	unsure
wrong	en	perl	зукд	unsure	unsure	unsure
valid	en	perplexity	perplexity	unsure	unsure	unsure
wrong	en	perplexity	зукздучшен	unsure	unsure	unsure
valid	en	pet	pet	unsure	unsure	unsure
wrong	en	pet	зуе	en	en	en
valid	en	photoshop	photoshop	unsure	unsure	unsure
wrong	en	photoshop	зрщещырщз	en	en	en
valid	en	pie	pie	unsure	unsure	unsure
wrong	en	pie	зшу	en	en	en
valid	en	ping	ping	unsure	unsure	unsure
wrong	en	ping	зштп	en	en	en
valid	en	pip	pip	unsure	unsure	unsure
wrong	en	pip	зшз	unsure	unsure	unsure
valid	en	pl	pl	unsure	unsure	unsure
wrong	en	pl	зд	unsure	unsure	unsure
valid	en	plan	plan	unsure	unsure	unsure
wrong	en	plan	здфт	en	en	en
valid	en	please	please	unsure	unsure	unsure
wrong	en	please	здуфыу	en	en	en
valid	en	pm	pm	unsure	unsure	unsure
wrong	en	pm	зь	en	en	en
valid	en	png	png	unsure	unsure	unsure
wrong	en	png	зтп	en	en	en
valid	en	pnpm	pnpm	unsure	unsure	unsure
wrong	en	pnpm	зтзь	unsure	unsure	unsure
valid	en	podman	podman	unsure	unsure	unsure
wrong	en	podman	зщвьфт	en	en	en
valid	en	pop	pop	unsure	unsure	unsure
wrong	en	pop	зщз	en	en	en
valid	en	post	post	unsure	unsure	unsure
wrong	en	post	зщые	en	en	en
valid	en	postgres	postgres	unsure	unsure	unsure
wrong	en	postgres	зщыепкуы	en	en	en
valid	en	ppt	ppt	unsure	unsure	unsure
wrong	en	ppt	ззе	unsure	unsure	unsure
valid	en	pr	pr	unsure	unsure	unsure
wrong	en	pr	зк	unsure	unsure	unsure
valid	en	print	print	unsure	unsure	unsure
wrong	en	print	зкште	unsure	unsure	unsure
valid	en	println	println	unsure	unsure	unsure
wrong	en	println	зкштедт	unsure	unsure	unsure
valid	en	private	private	unsure	unsure	unsure
wrong	en	private	зкшмфеу	en	en	en
valid	en	proc	proc	unsure	unsure	unsure
wrong	en	proc	зкщс	unsure	unsure	unsure
valid	en	prometheus	prometheus	unsure	unsure	unsure
wrong	en	prometheus	зкщьуеругы	en	en	en
valid	en	protocol	protocol	unsure	unsure	unsure
wrong	en	protocol	зкщещсщд	en	en	en
valid	en	ps	ps	unsure	unsure	unsure
wrong	en	ps	зы	unsure	unsure	unsure
valid	en	pt	pt	unsure	unsure	unsure
wrong	en	pt	зе	unsure	unsure	unsure
valid	en	ptr	ptr	unsure	unsure	unsure
wrong	en	ptr	зек	unsure	unsure	unsure
valid	en	public	public	unsure	unsure	unsure
wrong	en	public	згидшс	unsure	unsure	unsure
valid	en	push	push	unsure	unsure	unsure
wrong	en	push	згыр	unsure	unsure	unsure
valid	en	put	put	unsure	unsure	unsure
wrong	en	put	зге	en	en	en
valid	en	pwd	pwd	unsure	unsure	unsure
wrong	en	pwd	зцв	unsure	unsure	unsure
valid	en	pytest	pytest	unsure	unsure	unsure
wrong	en	pytest	знеуые	en	en	en
valid	en	python	python	unsure	unsure	unsure
wrong	en	python	знерщт	unsure	unsure	unsure
valid	en	qa	qa	unsure	unsure	unsure
wrong	en	qa	йф	unsure	unsure	unsure
valid	en	qatar	qatar	unsure	unsure	unsure
wrong	en	qatar	йфефк	en	en	en
valid	en	qemu	qemu	unsure	unsure	unsure
wrong	en	qemu	йуьг	unsure	unsure	unsure
valid	en	quick	quick	unsure	unsure	unsure
wrong	en	quick	йгшсл	unsure	unsure	unsure
valid	en	qwen	qwen	unsure	unsure	unsure
wrong	en	qwen	йцут	en	en	en
valid	en	qwerty	qwerty	unsure	unsure	unsure
wrong	en	qwerty	йцукен	en	en	en
valid	en	rabbitmq	rabbitmq	unsure	unsure	unsure
wrong	en	rabbitmq	кфиишеьй	unsure	unsure	unsure
valid	en	ram	ram	unsure	unsure	unsure
wrong	en	ram	кфь	unsure	unsure	unsure
valid	en	raw	raw	unsure	unsure	unsure
wrong	en	raw	кфц	en	en	en
valid	en	read	read	unsure	unsure	unsure
wrong	en	read	куфв	en	en	en
valid	en	readme	readme	unsure	unsure	unsure
wrong	en	readme	куфвьу	en	en	en
valid	en	real	real	unsure	unsure	unsure
wrong	en	real	куфд	en	en	en
valid	en	reboot	reboot	unsure	unsure	unsure
wrong	en	reboot	куищще	unsure	unsure	unsure
valid	en	red	red	unsure	unsure	unsure
wrong	en	red	кув	en	en	en
valid	en	redis	redis	unsure	unsure	unsure
wrong	en	redis	кувшы	en	en	en
valid	en	reduce	reduce	unsure	unsure	unsure
wrong	en	reduce	кувгсу	en	en	en
valid	en	repeat	repeat	unsure	unsure	unsure
wrong	en	repeat	кузуфе	en	en	en
valid	en	request	request	unsure	unsure	unsure
wrong	en	request	куйгуые	en	en	en
valid	en	response	response	unsure	unsure	unsure
wrong	en	response	куызщтыу	en	en	en
valid	en	return	return	unsure	unsure	unsure
wrong	en	return	куегкт	unsure	unsure	unsure
valid	en	rfc	rfc	ru	ru	ru
wrong	en	rfc	кас	unsure	unsure	unsure
valid	en	rg	rg	unsure	unsure	unsure
wrong	en	rg	кп	unsure	unsure	unsure
valid	en	rm	rm	unsure	unsure	unsure
wrong	en	rm	кь	unsure	unsure	unsure
valid	en	rmdir	rmdir	unsure	unsure	unsure
wrong	en	rmdir	кьвшк	unsure	unsure	unsure
valid	en	road	road	unsure	unsure	unsure
wrong	en	road	кщфв	en	en	en
valid	en	rofl	rofl	unsure	unsure	unsure
wrong	en	rofl	кщад	en	en	en
valid	en	roi	roi	unsure	unsure	unsure
wrong	en	roi	кщш	en	en	en
valid	en	rom	rom	unsure	unsure	unsure
wrong	en	rom	кщь	en	en	en
valid	en	root	root	unsure	unsure	unsure
wrong	en	root	кщще	en	en	en
valid	en	row	row	unsure	unsure	unsure
wrong	en	row	кщц	en	en	en
valid	en	rss	rss	unsure	unsure	unsure
wrong	en	rss	кыы	unsure	unsure	unsure
valid	en	rsvp	rsvp	unsure	unsure	unsure
wrong	en	rsvp	кымз	unsure	unsure	unsure
valid	en	rsync	rsync	unsure	unsure	unsure
wrong	en	rsync	кынтс	unsure	unsure	unsure
valid	en	rtf	rtf	unsure	unsure	unsure
wrong	en	rtf	кеа	unsure	unsure	unsure
valid	en	rtfm	rtfm	unsure	unsure	unsure
wrong	en	rtfm	кеаь	unsure	unsure	unsure
valid	en	ru	ru	unsure	unsure	unsure
wrong	en	ru	кг	unsure	unsure	unsure
valid	en	ruby	ruby	unsure	unsure	unsure
wrong	en	ruby	кгин	unsure	unsure	unsure
valid	en	rules	rules	unsure	unsure	unsure
wrong	en	rules	кгдуы	en	en	en
valid	en	run	run	unsure	unsure	unsure
wrong	en	run	кгт	en	en	en
valid	en	rust	rust	unsure	unsure	unsure
wrong	en	rust	кгые	unsure	unsure	unsure
valid	en	sad	sad	unsure	unsure	unsure
wrong	en	sad	ыфв	en	en	en
valid	en	safari	safari	unsure	unsure	unsure
wrong	en	safari	ыфафкш	en	en	en
valid	en	said	said	unsure	unsure	unsure
wrong	en	said	ыфшв	en	en	en
valid	en	same	same	unsure	unsure	unsure
wrong	en	same	ыфьу	en	en	en
valid	en	sass	sass	unsure	unsure	unsure
wrong	en	sass	ыфыы	en	en	en
valid	en	save	save	unsure	unsure	unsure
wrong	en	save	ыфму	en	en	en
valid	en	say	say	unsure	unsure	unsure
wrong	en	say	ыфн	en	en	en
valid	en	sber	sber	unsure	unsure	unsure
wrong	en	sber	ыиук	en	en	en
valid	en	scala	scala	unsure	unsure	unsure
wrong	en	scala	ысфдф	en	en	en
valid	en	scp	scp	unsure	unsure	unsure
wrong	en	scp	ысз	en	en	en
valid	en	sdk	sdk	unsure	unsure	unsure
wrong	en	sdk	ывл	en	en	en
valid	en	sea	sea	unsure	unsure	unsure
wrong	en	sea	ыуф	en	en	en
valid	en	sec	sec	unsure	unsure	unsure
wrong	en	sec	ыус	en	en	en
valid	en	section	section	unsure	unsure	unsure
wrong	en	section	ыусешщт	en	en	en
valid	en	sed	sed	unsure	unsure	unsure
wrong	en	sed	ыув	en	en	en
valid	en	see	see	unsure	unsure	unsure
wrong	en	see	ыуу	en	en	en
valid	en	self	self	unsure	unsure	unsure
wrong	en	self	ыуда	en	en	en
valid	en	send	send	unsure	unsure	unsure
wrong	en	send	ыутв	en	en	en
valid	en	sentry	sentry	unsure	unsure	unsure
wrong	en	sentry	ыутекн	en	en	en
valid	en	set	set	unsure	unsure	unsure
wrong	en	set	ыуе	en	en	en
valid	en	seven	seven	unsure	unsure	unsure
wrong	en	seven	ыумут	en	en	en
valid	en	several	several	unsure	unsure	unsure
wrong	en	several	ыумукфд	en	en	en
valid	en	she	she	unsure	unsure	unsure
wrong	en	she	ыру	en	en	en
valid	en	shift	shift	unsure	unsure	unsure
wrong	en	shift	ыршае	en	en	en
valid	en	short	short	unsure	unsure	unsure
wrong	en	short	ырщке	en	en	en
valid	en	side	side	unsure	unsure	unsure
wrong	en	side	ышву	en	en	en
valid	en	signal	signal	unsure	unsure	unsure
wrong	en	signal	ышптфд	en	en	en
valid	en	sir	sir	unsure	unsure	unsure
wrong	en	sir	ышк	en	en	en
valid	en	sit	sit	unsure	unsure	unsure
wrong	en	sit	ыше	en	en	en
valid	en	six	six	unsure	unsure	unsure
wrong	en	six	ышч	en	en	en
valid	en	size	size	unsure	unsure	unsure
wrong	en	size	ышяу	en	en	en
valid	en	sketch	sketch	unsure	unsure	unsure
wrong	en	sketch	ылуеср	en	en	en
valid	en	sky	sky	unsure	unsure	unsure
wrong	en	sky	ылн	en	en	en
valid	en	skype	skype	unsure	unsure	unsure
wrong	en	skype	ылнзу	en	en	en
valid	en	slack	slack	unsure	unsure	unsure
wrong	en	slack	ыдфсл	en	en	en
valid	en	slice	slice	unsure	unsure	unsure
wrong	en	slice	ыдшсу	en	en	en
valid	en	slow	slow	unsure	unsure	unsure
wrong	en	slow	ыдщц	en	en	en
valid	en	sm	sm	unsure	unsure	unsure
wrong	en	sm	ыь	unsure	unsure	unsure
valid	en	small	small	unsure	unsure	unsure
wrong	en	small	ыьфдд	en	en	en
valid	en	so	so	unsure	unsure	unsure
wrong	en	so	ыщ	en	en	en
valid	en	soft	soft	unsure	unsure	unsure
wrong	en	soft	ыщае	en	en	en
valid	en	some	some	unsure	unsure	unsure
wrong	en	some	ыщьу	en	en	en
valid	en	somebody	somebody	unsure	unsure	unsure
wrong	en	somebody	ыщьуищвн	en	en	en
valid	en	someone	someone	unsure	unsure	unsure
wrong	en	someone	ыщьущту	en	en	en
valid	en	something	something	unsure	unsure	unsure
wrong	en	something	ыщьуерштп	en	en	en
valid	en	sometimes	sometimes	unsure	unsure	unsure
wrong	en	sometimes	ыщьуешьуы	en	en	en
valid	en	son	son	unsure	unsure	unsure
wrong	en	son	ыщт	en	en	en
valid	en	soon	soon	unsure	unsure	unsure
wrong	en	soon	ыщщт	en	en	en
valid	en	sorry	sorry	unsure	unsure	unsure
wrong	en	sorry	ыщккн	en	en	en
valid	en	sort	sort	unsure	unsure	unsure
wrong	en	sort	ыщке	en	en	en
valid	en	source	source	unsure	unsure	unsure
wrong	en	source	ыщгксу	en	en	en
valid	en	south	south	unsure	unsure	unsure
wrong	en	south	ыщгер	en	en	en
valid	en	split	split	unsure	unsure	unsure
wrong	en	split	ыздше	en	en	en
valid	en	spotify	spotify	unsure	unsure	unsure
wrong	en	spotify	ызщешан	en	en	en
valid	en	sql	sql	unsure	unsure	unsure
wrong	en	sql	ыйд	en	en	en
valid	en	sqlite	sqlite	unsure	unsure	unsure
wrong	en	sqlite	ыйдшеу	en	en	en
valid	en	sr	sr	unsure	unsure	unsure
wrong	en	sr	ык	unsure	unsure	unsure
valid	en	ssd	ssd	unsure	unsure	unsure
wrong	en	ssd	ыыв	en	en	en
valid	en	ssh	ssh	unsure	unsure	unsure
wrong	en	ssh	ыыр	en	en	en
valid	en	ssl	ssl	unsure	unsure	unsure
wrong	en	ssl	ыыд	en	en	en
valid	en	st	st	unsure	unsure	unsure
wrong	en	st	ые	unsure	unsure	unsure
valid	en	steam	steam	unsure	unsure	unsure
wrong	en	steam	ыеуфь	en	en	en
valid	en	still	still	unsure	unsure	unsure
wrong	en	still	ыешдд	en	en	en
valid	en	str	str	unsure	unsure	unsure
wrong	en	str	ыек	en	en	en
valid	en	struct	struct	unsure	unsure	unsure
wrong	en	struct	ыекгсе	en	en	en
valid	en	su	su	unsure	unsure	unsure
wrong	en	su	ыг	unsure	unsure	unsure
valid	en	such	such	unsure	unsure	unsure
wrong	en	such	ыгср	en	en	en
valid	en	sudo	sudo	unsure	unsure	unsure
wrong	en	sudo	ыгвщ	en	en	en
valid	en	sum	sum	unsure	unsure	unsure
wrong	en	sum	ыгь	en	en	en
valid	en	sun	sun	unsure	unsure	unsure
wrong	en	sun	ыгт	en	en	en
valid	en	super	super	unsure	unsure	unsure
wrong	en	super	ыгзук	en	en	en
valid	en	sure	sure	unsure	unsure	unsure
wrong	en	sure	ыгку	en	en	en
valid	en	svn	svn	unsure	unsure	unsure
wrong	en	svn	ымт	en	en	en
valid	en	swift	swift	unsure	unsure	unsure
wrong	en	swift	ыцшае	en	en	en
valid	en	switch	switch	unsure	unsure	unsure
wrong	en	switch	ыцшеср	en	en	en
valid	en	sync	sync	unsure	unsure	unsure
wrong	en	sync	ынтс	unsure	unsure	unsure
valid	en	sys	sys	unsure	unsure	unsure
wrong	en	sys	ыны	en	en	en
valid	en	tail	tail	unsure	unsure	unsure
wrong	en	tail	ефшд	en	en	en
valid	en	take	take	unsure	unsure	unsure
wrong	en	take	ефлу	en	en	en
valid	en	tar	tar	unsure	unsure	unsure
wrong	en	tar	ефк	en	en	en
valid	en	task	task	unsure	unsure	unsure
wrong	en	task	ефыл	en	en	en
valid	en	tax	tax	unsure	unsure	unsure
wrong	en	tax	ефч	en	en	en
valid	en	tbank	tbank	unsure	unsure	unsure
wrong	en	tbank	еифтл	en	en	en
valid	en	tbh	tbh	unsure	unsure	unsure
wrong	en	tbh	еир	unsure	unsure	unsure
valid	en	tcp	tcp	unsure	unsure	unsure
wrong	en	tcp	есз	unsure	unsure	unsure
valid	en	tea	tea	unsure	unsure	unsure
wrong	en	tea	еуф	en	en	en
valid	en	team	team	unsure	unsure	unsure
wrong	en	team	еуфь	en	en	en
valid	en	teams	teams	unsure	unsure	unsure
wrong	en	teams	еуфьы	en	en	en
valid	en	tee	tee	unsure	unsure	unsure
wrong	en	tee	еуу	en	en	en
valid	en	tele2	tele2	unsure	unsure	unsure
wrong	en	tele2	еуду2	unsure	unsure	unsure
valid	en	telegram	telegram	unsure	unsure	unsure
wrong	en	telegram	еудупкфь	en	en	en
valid	en	tell	tell	unsure	unsure	unsure
wrong	en	tell	еудд	en	en	en
valid	en	temp	temp	unsure	unsure	unsure
wrong	en	temp	еуьз	en	en	en
valid	en	ten	ten	unsure	unsure	unsure
wrong	en	ten	еут	en	en	en
valid	en	test	test	unsure	unsure	unsure
wrong	en	test	еуые	en	en	en
valid	en	tex	tex	unsure	unsure	unsure
wrong	en	tex	еуч	unsure	unsure	unsure
valid	en	text	text	unsure	unsure	unsure
wrong	en	text	еуче	en	en	en
valid	en	than	than	unsure	unsure	unsure
wrong	en	than	ерфт	en	en	en
valid	en	thank	thank	unsure	unsure	unsure
wrong	en	thank	ерфтл	en	en	en
valid	en	thanks	thanks	unsure	unsure	unsure
wrong	en	thanks	ерфтлы	en	en	en
valid	en	that	that	unsure	unsure	unsure
wrong	en	that	ерфе	en	en	en
valid	en	the	the	unsure	unsure	unsure
wrong	en	the	еру	en	en	en
valid	en	them	them	unsure	unsure	unsure
wrong	en	them	еруь	en	en	en
valid	en	then	then	unsure	unsure	unsure
wrong	en	then	ерут	en	en	en
valid	en	there	there	unsure	unsure	unsure
wrong	en	there	еруку	en	en	en
valid	en	they	they	unsure	unsure	unsure
wrong	en	they	ерун	en	en	en
valid	en	this	this	unsure	unsure	unsure
wrong	en	this	ершы	en	en	en
valid	en	thousand	thousand	unsure	unsure	unsure
wrong	en	thousand	ерщгыфтв	en	en	en
valid	en	thread	thread	unsure	unsure	unsure
wrong	en	thread	еркуфв	en	en	en
valid	en	three	three	unsure	unsure	unsure
wrong	en	three	еркуу	en	en	en
valid	en	throw	throw	unsure	unsure	unsure
wrong	en	throw	еркщц	en	en	en
valid	en	throws	throws	unsure	unsure	unsure
wrong	en	throws	еркщцы	en	en	en
valid	en	thx	thx	unsure	unsure	unsure
wrong	en	thx	ерч	unsure	unsure	unsure
valid	en	tiff	tiff	unsure	unsure	unsure
wrong	en	tiff	ешаа	unsure	unsure	unsure
valid	en	time	time	unsure	unsure	unsure
wrong	en	time	ешьу	en	en	en
valid	en	tinkoff	tinkoff	unsure	unsure	unsure
wrong	en	tinkoff	ештлщаа	en	en	en
valid	en	tip	tip	unsure	unsure	unsure
wrong	en	tip	ешз	en	en	en
valid	en	tl;dr	tl;dr	unsure	unsure	unsure
wrong	en	tl;dr	еджвк	unsure	unsure	unsure
valid	en	tldr	tldr	unsure	unsure	unsure
wrong	en	tldr	едвк	unsure	unsure	unsure
valid	en	tls	tls	unsure	unsure	unsure
wrong	en	tls	еды	unsure	unsure	unsure
valid	en	tmp	tmp	unsure	unsure	unsure
wrong	en	tmp	еьз	unsure	unsure	unsure
valid	en	tmux	tmux	unsure	unsure	unsure
wrong	en	tmux	еьгч	unsure	unsure	unsure
valid	en	to	to	unsure	unsure	unsure
wrong	en	to	ещ	en	en	en
valid	en	today	today	unsure	unsure	unsure
wrong	en	today	ещвфн	en	en	en
valid	en	todo	todo	unsure	unsure	unsure
wrong	en	todo	ещвщ	en	en	en
valid	en	tomorrow	tomorrow	unsure	unsure	unsure
wrong	en	tomorrow	ещьщккщц	en	en	en
valid	en	too	too	unsure	unsure	unsure
wrong	en	too	ещщ	en	en	en
valid	en	top	top	unsure	unsure	unsure
wrong	en	top	ещз	en	en	en
valid	en	tot	tot	ru	ru	ru
wrong	en	tot	еще	unsure	unsure	unsure
valid	en	touch	touch	unsure	unsure	unsure
wrong	en	touch	ещгср	en	en	en
valid	en	toy	toy	unsure	unsure	unsure
wrong	en	toy	ещн	en	en	en
valid	en	tr	tr	unsure	unsure	unsure
wrong	en	tr	ек	unsure	unsure	unsure
valid	en	trace	trace	unsure	unsure	unsure
wrong	en	trace	екфсу	en	en	en
valid	en	traceroute	traceroute	unsure	unsure	unsure
wrong	en	traceroute	екфсукщгеу	en	en	en
valid	en	traefik	traefik	unsure	unsure	unsure
wrong	en	traefik	екфуашл	unsure	unsure	unsure
valid	en	trello	trello	unsure	unsure	unsure
wrong	en	trello	екуддщ	en	en	en
valid	en	true	true	unsure	unsure	unsure
wrong	en	true	екгу	en	en	en
valid	en	try	try	unsure	unsure	unsure
wrong	en	try	екн	en	en	en
valid	en	ts	ts	unsure	unsure	unsure
wrong	en	ts	еы	unsure	unsure	unsure
valid	en	tsv	tsv	unsure	unsure	unsure
wrong	en	tsv	еым	unsure	unsure	unsure
valid	en	tsx	tsx	unsure	unsure	unsure
wrong	en	tsx	еыч	unsure	unsure	unsure
valid	en	ttyl	ttyl	unsure	unsure	unsure
wrong	en	ttyl	еенд	unsure	unsure	unsure
valid	en	tv	tv	unsure	unsure	unsure
wrong	en	tv	ем	unsure	unsure	unsure
valid	en	tvos	tvos	unsure	unsure	unsure
wrong	en	tvos	емщы	unsure	unsure	unsure
valid	en	twitch	twitch	unsure	unsure	unsure
wrong	en	twitch	ецшеср	unsure	unsure	unsure
valid	en	two	two	unsure	unsure	unsure
wrong	en	two	ецщ	en	en	en
valid	en	txt	txt	unsure	unsure	unsure
wrong	en	txt	ече	unsure	unsure	unsure
valid	en	ty	ty	unsure	unsure	unsure
wrong	en	ty	ен	unsure	unsure	unsure
valid	en	type	type	unsure	unsure	unsure
wrong	en	type	ензу	en	en	en
valid	en	typealias	typealias	unsure	unsure	unsure
wrong	en	typealias	ензуфдшфы	en	en	en
valid	en	ua	ua	unsure	unsure	unsure
wrong	en	ua	гф	unsure	unsure	unsure
valid	en	ubuntu	ubuntu	unsure	unsure	unsure
wrong	en	ubuntu	гигтег	unsure	unsure	unsure
valid	en	udp	udp	unsure	unsure	unsure
wrong	en	udp	гвз	unsure	unsure	unsure
valid	en	uh	uh	unsure	unsure	unsure
wrong	en	uh	гр	unsure	unsure	unsure
valid	en	uhuh	uhuh	unsure	unsure	unsure
wrong	en	uhuh	гргр	unsure	unsure	unsure
valid	en	ui	ui	unsure	unsure	unsure
wrong	en	ui	гш	unsure	unsure	unsure
valid	en	uk	uk	unsure	unsure	unsure
wrong	en	uk	гл	unsure	unsure	unsure
valid	en	umount	umount	unsure	unsure	unsure
wrong	en	umount	гьщгте	en	en	en
valid	en	un	un	unsure	unsure	unsure
wrong	en	un	гт	unsure	unsure	unsure
valid	en	under	under	unsure	unsure	unsure
wrong	en	under	гтвук	en	en	en
valid	en	uniq	uniq	unsure	unsure	unsure
wrong	en	uniq	гтшй	unsure	unsure	unsure
valid	en	unity	unity	unsure	unsure	unsure
wrong	en	unity	гтшен	unsure	unsure	unsure
valid	en	unreal	unreal	unsure	unsure	unsure
wrong	en	unreal	гткуфд	en	en	en
valid	en	unzip	unzip	unsure	unsure	unsure
wrong	en	unzip	гтяшз	unsure	unsure	unsure
valid	en	up	up	unsure	unsure	unsure
wrong	en	up	гз	en	en	en
valid	en	upon	upon	unsure	unsure	unsure
wrong	en	upon	гзщт	en	en	en
valid	en	url	url	unsure	unsure	unsure
wrong	en	url	гкд	en	en	en
valid	en	us	us	unsure	unsure	unsure
wrong	en	us	гы	en	en	en
valid	en	usa	usa	unsure	unsure	unsure
wrong	en	usa	гыф	en	en	en
valid	en	usb	usb	unsure	unsure	unsure
wrong	en	usb	гыи	unsure	unsure	unsure
valid	en	use	use	unsure	unsure	unsure
wrong	en	use	гыу	en	en	en
valid	en	user	user	unsure	unsure	unsure
wrong	en	user	гыук	en	en	en
valid	en	usr	usr	unsure	unsure	unsure
wrong	en	usr	гык	unsure	unsure	unsure
valid	en	ux	ux	unsure	unsure	unsure
wrong	en	ux	гч	unsure	unsure	unsure
valid	en	values	values	unsure	unsure	unsure
wrong	en	values	мфдгуы	en	en	en
valid	en	van	van	unsure	unsure	unsure
wrong	en	van	мфт	en	en	en
valid	en	var	var	unsure	unsure	unsure
wrong	en	var	мфк	unsure	unsure	unsure
valid	en	vec	vec	unsure	unsure	unsure
wrong	en	vec	мус	unsure	unsure	unsure
valid	en	very	very	unsure	unsure	unsure
wrong	en	very	мукн	en	en	en
valid	en	viber	viber	unsure	unsure	unsure
wrong	en	viber	мшиук	unsure	unsure	unsure
valid	en	vim	vim	unsure	unsure	unsure
wrong	en	vim	мшь	unsure	unsure	unsure
valid	en	vitamin	vitamin	unsure	unsure	unsure
wrong	en	vitamin	мшефьшт	en	en	en
valid	en	vk	vk	unsure	unsure	unsure
wrong	en	vk	мл	unsure	unsure	unsure
valid	en	void	void	unsure	unsure	unsure
wrong	en	void	мщшв	en	en	en
valid	en	vpn	vpn	unsure	unsure	unsure
wrong	en	vpn	мзт	unsure	unsure	unsure
valid	en	vr	vr	unsure	unsure	unsure
wrong	en	vr	мк	unsure	unsure	unsure
valid	en	vs	vs	unsure	ru	unsure
wrong	en	vs	мы	unsure	unsure	en
valid	en	vue	vue	unsure	unsure	unsure
wrong	en	vue	мгу	unsure	unsure	unsure
valid	en	vw	vw	unsure	unsure	unsure
wrong	en	vw	мц	unsure	unsure	unsure
valid	en	wait	wait	unsure	unsure	unsure
wrong	en	wait	цфше	en	en	en
valid	en	wan	wan	unsure	unsure	unsure
wrong	en	wan	цфт	en	en	en
valid	en	want	want	unsure	unsure	unsure
wrong	en	want	цфте	en	en	en
valid	en	war	war	unsure	unsure	unsure
wrong	en	war	цфк	en	en	en
valid	en	warm	warm	unsure	unsure	unsure
wrong	en	warm	цфкь	en	en	en
valid	en	warn	warn	unsure	unsure	unsure
wrong	en	warn	цфкт	en	en	en
valid	en	was	was	unsure	unsure	unsure
wrong	en	was	цфы	en	en	en
valid	en	watchos	watchos	unsure	unsure	unsure
wrong	en	watchos	цфесрщы	en	en	en
valid	en	way	way	unsure	unsure	unsure
wrong	en	way	цфн	en	en	en
valid	en	wc	wc	unsure	unsure	unsure
wrong	en	wc	цс	unsure	unsure	unsure
valid	en	we	we	unsure	unsure	unsure
wrong	en	we	цу	en	en	en
valid	en	web	web	unsure	unsure	unsure
wrong	en	web	цуи	en	en	en
valid	en	week	week	unsure	unsure	unsure
wrong	en	week	цуул	en	en	en
valid	en	well	well	unsure	unsure	unsure
wrong	en	well	цудд	en	en	en
valid	en	went	went	unsure	unsure	unsure
wrong	en	went	цуте	en	en	en
valid	en	west	west	unsure	unsure	unsure
wrong	en	west	цуые	en	en	en
valid	en	wet	wet	unsure	unsure	unsure
wrong	en	wet	цуе	en	en	en
valid	en	wget	wget	unsure	unsure	unsure
wrong	en	wget	цпуе	en	en	en
valid	en	what	what	unsure	unsure	unsure
wrong	en	what	црфе	en	en	en
valid	en	whatsapp	whatsapp	unsure	unsure	unsure
wrong	en	whatsapp	црфеыфзз	en	en	en
valid	en	when	when	unsure	unsure	unsure
wrong	en	when	црут	en	en	en
valid	en	where	where	unsure	unsure	unsure
wrong	en	where	цруку	en	en	en
valid	en	which	which	unsure	unsure	unsure
wrong	en	which	цршср	en	en	en
valid	en	while	while	unsure	unsure	unsure
wrong	en	while	цршду	en	en	en
valid	en	who	who	unsure	unsure	unsure
wrong	en	who	црщ	en	en	en
valid	en	whoami	whoami	unsure	unsure	unsure
wrong	en	whoami	црщфьш	en	en	en
valid	en	whom	whom	unsure	unsure	unsure
wrong	en	whom	црщь	en	en	en
valid	en	whose	whose	unsure	unsure	unsure
wrong	en	whose	црщыу	en	en	en
valid	en	why	why	unsure	unsure	unsure
wrong	en	why	црн	en	en	en
valid	en	wifi	wifi	unsure	unsure	unsure
wrong	en	wifi	цшаш	unsure	unsure	unsure
valid	en	wildberries	wildberries	unsure	unsure	unsure
wrong	en	wildberries	цшдвиуккшуы	en	en	en
valid	en	will	will	unsure	unsure	unsure
wrong	en	will	цшдд	en	en	en
valid	en	win	win	unsure	unsure	unsure
wrong	en	win	цшт	en	en	en
valid	en	windows	windows	unsure	unsure	unsure
wrong	en	windows	цштвщцы	en	en	en
valid	en	wip	wip	unsure	unsure	unsure
wrong	en	wip	цшз	unsure	unsure	unsure
valid	en	with	with	unsure	unsure	unsure
wrong	en	with	цшер	en	en	en
valid	en	within	within	unsure	unsure	unsure
wrong	en	within	цшершт	en	en	en
valid	en	without	without	unsure	unsure	unsure
wrong	en	without	цшерщге	en	en	en
valid	en	wlan	wlan	unsure	unsure	unsure
wrong	en	wlan	цдфт	en	en	en
valid	en	work	work	unsure	unsure	unsure
wrong	en	work	цщкл	en	en	en
valid	en	worst	worst	unsure	unsure	unsure
wrong	en	worst	цщкые	en	en	en
valid	en	wp	wp	unsure	unsure	unsure
wrong	en	wp	цз	unsure	unsure	unsure
valid	en	wtf	wtf	unsure	unsure	unsure
wrong	en	wtf	цеа	unsure	unsure	unsure
valid	en	xargs	xargs	unsure	unsure	unsure
wrong	en	xargs	чфкпы	unsure	unsure	unsure
valid	en	xl	xl	unsure	unsure	unsure
wrong	en	xl	чд	unsure	unsure	unsure
valid	en	xls	xls	unsure	unsure	unsure
wrong	en	xls	чды	unsure	unsure	unsure
valid	en	xml	xml	ru	ru	ru
wrong	en	xml	чьд	unsure	unsure	unsure
valid	en	xor	xor	unsure	unsure	unsure
wrong	en	xor	чщк	unsure	unsure	unsure
valid	en	xs	xs	unsure	unsure	unsure
wrong	en	xs	чы	unsure	unsure	unsure
valid	en	xxl	xxl	unsure	unsure	unsure
wrong	en	xxl	ччд	unsure	unsure	unsure
valid	en	yaml	yaml	unsure	unsure	unsure
wrong	en	yaml	нфьд	unsure	unsure	unsure
valid	en	yandex	yandex	unsure	unsure	unsure
wrong	en	yandex	нфтвуч	unsure	unsure	unsure
valid	en	yarn	yarn	unsure	unsure	unsure
wrong	en	yarn	нфкт	unsure	unsure	unsure
valid	en	ye	ye	ru	ru	ru
wrong	en	ye	ну	unsure	unsure	unsure
valid	en	yeah	yeah	unsure	unsure	unsure
wrong	en	yeah	нуфр	en	en	en
valid	en	year	year	unsure	unsure	unsure
wrong	en	year	нуфк	unsure	unsure	unsure
valid	en	yes	yes	unsure	unsure	unsure
wrong	en	yes	нуы	en	en	en
valid	en	yesterday	yesterday	unsure	unsure	unsure
wrong	en	yesterday	нуыеуквфн	en	en	en
valid	en	yet	yet	unsure	unsure	unsure
wrong	en	yet	нуе	en	en	en
valid	en	yo	yo	unsure	unsure	unsure
wrong	en	yo	нщ	unsure	unsure	unsure
valid	en	you	you	unsure	unsure	unsure
wrong	en	you	нщг	en	en	en
valid	en	your	your	unsure	unsure	unsure
wrong	en	your	нщгк	en	en	en
valid	en	youtube	youtube	unsure	unsure	unsure
wrong	en	youtube	нщгегиу	en	en	en
valid	en	yq	yq	unsure	unsure	unsure
wrong	en	yq	нй	unsure	unsure	unsure
valid	en	zero	zero	unsure	unsure	unsure
wrong	en	zero	яукщ	en	en	en
valid	en	zip	zip	unsure	unsure	unsure
wrong	en	zip	яшз	en	en	en
valid	en	zoom	zoom	unsure	unsure	unsure
wrong	en	zoom	ящщь	unsure	unsure	unsure
valid	en	zsh	zsh	unsure	unsure	unsure
wrong	en	zsh	яыр	unsure	unsure	unsure
